home_elo_probability;h-v_point_diff;h-v_percent_win;diff_plus-minus;diff_bpm;win
0.176524267459732;-10;0;12.8;-2.9;0
0.297171525137152;-11;0;-2;2.48;0
0.304911991758118;-14;-1;-18.4;-3.3;1
0.621682304519891;-6;0;-7.4;-0.7;1
0.756170688442194;25;1;11.6;1.74;1
0.638962108429763;1;0;-7.8;-5.52;0
0.273322243587513;-3;0;-9.4;-1.5;0
0.770437628564548;-15;-1;5.6;2.58;1
0.113549764825104;24;0;9.4;-1.9;0
0.284645296760868;-21;-1;-5.4;0.42;0
0.430131476154959;9;0.5;5.7;3.05;0
0.890829536841239;35;1;22.6;5.29;1
0.331170683988167;-33;-1;-16;-4.82;1
0.760626717712746;25;1;3.5;3.85;1
0.66135195632124;-13;-0.5;-6.9;2.21;1
0.5140216716347;6;0.5;3;2.2;1
0.523373904833132;4.5;0.5;0.8;1.59;0
0.420594067479367;9.5;0.5;11.2;-0.57;1
0.542136482503343;9;0.5;-13.4;-0.51;1
0.411583443765664;8.5;0;5.2;4.03;1
0.338143560262709;-15.6666666666667;-0.5;1.3;-4.87666666666667;0
0.05135482298041;-0.5;-0.5;2.4;-3.3;0
0.709092490076221;5;0.5;8.7;2.21;1
0.738997860644437;9.5;0.5;11.7;2.42;1
0.36924206631132;13.5;0.5;6;2.5;1
0.625497943812407;18.8333333333333;0.333333333333333;1.83333333333333;-1.4;1
0.306824908150756;-10.8333333333333;-0.666666666666667;-10.5;-4.93333333333333;0
0.490911807295041;6;0;3.7;0.83;1
0.856703634848649;19.8333333333333;1;5.56666666666667;1.19;1
0.658369690802447;11.6666666666667;0.333333333333333;8.13333333333333;1.65333333333333;1
0.657967499629964;0.333333333333333;0;7.8;0.413333333333333;1
0.484730674361986;-4.33333333333333;0;4.5;-2.08666666666667;0
0.597314686259388;18.6666666666667;0.166666666666667;6.76666666666667;3.08666666666667;1
0.70561514412297;-1.08333333333333;-0.166666666666667;0.233333333333334;-2.03;1
0.427664062434027;-5.5;-0.666666666666667;-2.1;4.21333333333333;1
0.464388828895641;-2.66666666666667;-0.333333333333333;0.7;2.28;0
0.634103803940746;20.75;0.666666666666667;2.9;-1.105;0
0.166299670869623;6;0;-0.2;-2.58666666666667;0
0.716399662195347;17;0.666666666666667;5.73333333333333;5.52666666666667;1
0.510093521325031;-18;-0.666666666666667;-11.2666666666667;-2.07666666666667;0
0.691944224005211;25.5833333333333;0.75;12.5833333333333;2.56666666666667;0
0.368348713611865;-16;-0.5;-9.7;-2.955;1
0.230490788987391;-10.4166666666667;-0.166666666666667;-3.35;-1.96166666666667;0
0.53327551923048;-16;-0.333333333333333;-10.3333333333333;-2.28666666666667;1
0.533834296952382;1.5;0.5;-1.1;-1.045;1
0.759364181319675;6;0.5;4.71666666666667;4.495;1
0.21192348427552;-6.5;-0.5;-2.51666666666667;-1.11833333333333;1
0.64045230253925;4.33333333333333;0;2.93333333333333;1.14666666666667;0
0.430401190509542;-8.7;-0.15;-7.01;-0.868;1
0.71501206310314;8.5;0.25;5.35;1.79;1
0.511658113308313;-2.5;0;-3.73333333333333;-1.57;1
0.37883801268171;9.66666666666667;0;9.33333333333333;5.28;0
0.838372086374649;-5;-0.25;-0.75;1.46;1
0.58258932416838;-24.0833333333333;-0.75;-10.4;0.853333333333334;1
0.354680881747275;-10.75;-0.35;-6.98;-5.174;0
0.505482638161809;4.25;0.25;-2.15;0.505;1
0.691290624670403;25;0.5;13;3.44;0
0.313955548198938;-14.05;-0.15;-3.29;-1.862;0
0.652972924055424;0.199999999999999;-0.2;-1.68;1.006;0
0.310831397698248;-3.9;-0.4;-3.22;-0.787666666666667;0
0.407055569563869;-6.4;-0.2;0.32;-1.749;0
0.065608669213818;-10.4;-0.4;-8.57;-5.523;1
0.643390904299423;-6.1;0.55;-4.94;-1.322;1
0.362117573330085;4.85;0.1;2.44;3.033;1
0.478301227700816;-12.2;-0.2;-3.68;-2.16;1
0.2405772323584;0.95;0.15;1.1;-0.223;1
0.087378198879994;-24.4;-1;-13.25;-5.068;0
0.351108592924953;6.8;0;-0.840000000000001;-2.956;1
0.673772460907446;2.43333333333333;0.266666666666667;-0.123333333333333;-0.325333333333333;1
0.567201219042539;0.733333333333334;0.033333333333333;1.01333333333333;2.97333333333333;0
0.227761436664772;-8.53333333333333;-0.1;-4.16;-3.60666666666667;0
0.418526783646041;-3.66666666666667;0;-2.03333333333333;-2.12;0
0.754723869447412;13.5428571428571;0.514285714285714;2.9847619047619;0.768285714285715;0
0.325345894192544;-12.8;-0.666666666666667;-9.95666666666667;-0.997333333333333;1
0.520125309164665;4;0.2;4.24;1.98;0
0.566561044628589;7.33333333333333;0.166666666666667;-1.42666666666667;-0.267333333333333;1
0.496634057036916;8.03333333333333;0.3;2.34;1.976;1
0.156652295206673;-12.4;-0.571428571428571;-8.14857142857143;-0.764;0
0.450816831758218;-6.43333333333333;-0.3;-3.31666666666667;0.686;0
0.658052198837668;8;0;4.3;0.81;1
0.508085026097876;3.26666666666667;0.433333333333333;0.993333333333333;1.90066666666667;1
0.902655919572353;9.5;0.666666666666667;7.3;4.23666666666667;1
0.740977962628767;4.5;0.166666666666667;2.33333333333333;1.69666666666667;1
0.784231495182628;-1.66666666666667;0.333333333333333;0.633333333333334;0.223333333333334;0
0.406581980836634;-5.2;0.133333333333333;-2.80666666666667;-3.97533333333333;1
0.402370147111893;-6.19047619047619;-0.071428571428571;-2.13333333333333;-2.87761904761905;1
0.766849117854586;6.57142857142857;0.285714285714286;5.53333333333333;2.12190476190476;1
0.503837862535728;7.35714285714286;0.404761904761905;-0.0904761904761904;0.958285714285715;0
0.442733901660146;2.82142857142857;0.375;4.65714285714286;0.594285714285715;1
0.354214156559953;4.83333333333333;0.208333333333333;2.16666666666667;3.7175;1
0.734273624303287;8.95238095238095;0.428571428571429;4.05238095238095;2.50523809523809;1
0.494730034203027;-5.52380952380952;-0.095238095238095;-1.99047619047619;0.201904761904762;1
0.414982537383405;-8.64285714285714;0.261904761904762;-3.72380952380952;-1.39095238095238;0
0.495100324645585;-5.16666666666667;-0.333333333333333;-3.11333333333333;1.238;1
0.525867232324197;2.71428571428571;0.142857142857143;0.657142857142857;-0.657142857142857;1
0.510015975473889;-0.476190476190476;0.19047619047619;4.26666666666667;1.87619047619048;0
0.33651965013631;-8.85714285714286;-0.321428571428571;-5.84642857142857;-1.59964285714286;1
0.615229843082962;4.42857142857143;0.142857142857143;0.471428571428571;1.51333333333333;0
0.91370111725938;6.42857142857143;0.428571428571429;3.51428571428571;2.88285714285714;1
0.633033604631719;15.3571428571429;0.232142857142857;8.825;2.66285714285714;1
0.578397116410935;-6.66666666666667;-0.166666666666667;-2.95833333333333;-2.31833333333333;0
0.615368248591659;9.48214285714286;0.571428571428571;7.45952380952381;-0.845952380952381;0
0.156077415883108;-5.48214285714286;-0.321428571428571;-4.26666666666667;-4.20166666666667;0
0.511230093823332;-3.45833333333333;-0.055555555555556;2.99404761904762;0.519047619047619;0
0.422352251739633;2.42857142857143;0.142857142857143;1.6;0.68;0
0.206565653460413;-12.8888888888889;-0.180555555555556;-7.02777777777778;-2.2575;0
0.253960389703009;-9.46428571428571;-0.5;-4.60714285714286;-4.01321428571429;1
0.283615516961459;-9.28571428571429;-0.571428571428571;-5.09047619047619;-0.501904761904762;0
0.686663888174792;-0.428571428571429;0;-2.67857142857143;-2.57142857142857;1
0.358240141982497;-13.875;-0.125;-7.85;-2.795;0
0.773165439640594;3.75;0.125;0.166428571428571;1.77842857142857;1
0.706718057559799;0.111111111111111;0.155555555555556;-0.915555555555556;0.00511111111111123;1
0.414438990202626;-2.45833333333333;-0.055555555555556;-3.94611111111111;0.0532777777777776;0
0.539585967368723;-7.33333333333333;-0.444444444444444;-1.15277777777778;-0.186666666666667;0
0.76554222429305;20;0.625;7.625;3.785;1
0.751178793285105;13;0.375;4.925;0.875;1
0.439736938446468;8.15277777777778;0.305555555555556;2.98888888888889;-0.441666666666666;1
0.412460471231154;-3.98611111111111;-0.041666666666667;1.04444444444444;-1.85027777777778;0
0.402905054329177;-5.75714285714286;-0.314285714285714;-4.09571428571429;-3.635;0
0.211661663460292;-13.3650793650794;-0.603174603174603;-12.4777777777778;-4.21714285714286;0
0.505297062110666;5.875;0;0.332142857142857;-0.144642857142857;1
0.628254852332148;-2.43055555555556;-0.069444444444444;-2.12222222222222;-0.822222222222222;0
0.466478175897983;-1.81944444444444;-0.041666666666667;-4.48055555555556;-0.771111111111111;0
0.76531015529172;0.375;0.125;-0.925;-2.03321428571429;1
0.519059676222736;-3.925;-0.35;-1.33666666666667;-0.985166666666667;1
0.752535322340344;12.7777777777778;0.333333333333333;9.95555555555556;3.68222222222222;0
0.942786223160393;14.3666666666667;0.477777777777778;10.86;5.97177777777778;1
0.551580283338637;0.477777777777778;0.266666666666667;2.97333333333333;1.18022222222222;1
0.634419880029441;5.5;0;3.51555555555556;1.25777777777778;1
0.384089578074921;-1.3;-0.1;-3.96;-2.524;1
0.453637932796128;-2.63888888888889;0.083333333333333;-0.453571428571429;1.98821428571429;1
0.832776104485965;12.1111111111111;0.444444444444444;6.37777777777778;4.12222222222222;1
0.335723800081054;-8.08888888888889;-0.455555555555556;-4.67333333333333;-2.16266666666667;1
0.701283931441111;8.2;0.45;1.53333333333333;4.60777777777778;1
0.675014869558201;10.1010101010101;0.191919191919192;5.06444444444444;1.67777777777778;0
0.836583390278288;16.3222222222222;0.455555555555556;12.8155555555556;4.94755555555556;1
0.683524063352351;1.33333333333333;0.111111111111111;0.825;-0.5825;1
0.482282886117188;-13.7777777777778;-0.555555555555556;-5.66388888888889;-0.800833333333333;0
0.413799868147159;-2.77777777777778;-0.333333333333333;-2.32738095238095;-1.3552380952381;0
0.57704350788247;-7.76363636363636;0.036363636363636;-1.68571428571429;0.255142857142857;0
0.539049380147663;5.39090909090909;0.145454545454545;-2.46666666666667;0.0653333333333332;1
0.192389347617503;-8.64545454545454;-0.445454545454546;-4.41333333333333;-0.236;1
0.394495176662002;-2.63636363636364;0.181818181818182;-2.06;0.816;1
0.220778193969772;-9.07777777777778;-0.122222222222222;-7.18333333333333;-3.49833333333333;1
0.550264940342366;8.01111111111111;0.244444444444444;1.82777777777778;2.95166666666667;1
0.675577139436069;6.24444444444444;0.277777777777778;2.28928571428571;2.47392857142857;1
0.397602942987624;-7.59090909090909;-0.145454545454545;-1.71555555555556;-0.119777777777778;1
0.395842457370369;-2.63636363636364;-0.054545454545455;-0.642222222222223;-1.22777777777778;1
0.187805984920245;-3.1;-0.1;-7.51111111111111;-3.9;0
0.72332763970933;3.17272727272727;0.027272727272727;-1.61333333333333;0.0435555555555556;1
0.737768078120247;21.0363636363636;0.409090909090909;18.8755555555556;6.17711111111111;0
0.161387101483906;-8.90909090909091;-0.363636363636364;-3.46944444444444;-3.01055555555556;0
0.651769243379009;0.227272727272728;-0.254545454545454;-0.999047619047619;0.695571428571429;1
0.51788511716386;-4.1;-0.3;-3.74166666666667;-0.202777777777778;1
0.54543759646932;6.79545454545455;-0.037878787878788;5.00444444444445;2.30355555555556;1
0.650872304282372;13.2545454545455;0.118181818181818;5.55666666666667;2.16666666666667;1
0.602076834624255;-3.51515151515152;-0.053030303030303;-1.17666666666667;-0.949111111111111;0
0.448260134324151;-3.93636363636364;-0.118181818181818;6.31428571428572;1.76428571428571;1
0.707660508469758;7.41666666666667;0.25;6.10888888888889;3.38044444444444;0
0.812549394907316;3.87878787878788;0.318181818181818;3.01166666666667;1.69938888888889;1
0.152158873663984;-7.54545454545455;-0.272727272727273;-6.79;-3.465;0
0.338493785222341;-2.1025641025641;-0.371794871794872;0.155555555555555;-1.43955555555556;1
0.716475894919542;5.04545454545455;0.21969696969697;5.83;2.07166666666667;1
0.345289450806375;-2.86363636363636;-0.345454545454545;-1.35690476190476;-1.14205555555556;0
0.416687714234465;-6.36363636363636;-0.272727272727273;-3.86666666666667;-2.17111111111111;0
0.182403071483672;-3.5;-0.166666666666667;-4.36555555555556;-4.04838888888889;0
0.173491559534674;-18.8333333333333;-0.5;-20.2431818181818;-6.19265151515152;0
0.516882659783338;0.980769230769231;0.044871794871795;2.25619047619048;3.61584126984127;1
0.380128738680332;0.685897435897436;-0.038461538461538;-2.51777777777778;-3.98377777777778;0
0.383733803047808;-11.3916083916084;-0.496503496503496;-7.18428571428571;-3.50978571428571;1
0.480615909818085;-1.21969696969697;0.234848484848485;-0.898412698412699;-0.838690476190476;1
0.506471605218916;-2.72727272727273;0;3.75833333333333;2.98722222222222;0
0.453305075399216;-6.65384615384615;-0.141025641025641;-2.47777777777778;0.627555555555555;1
0.604644655884259;-5.81818181818182;0.21969696969697;-3.92222222222222;1.00111111111111;1
0.11521611933778;-9.84848484848485;-0.378787878787879;-10.0527777777778;-4.98166666666667;0
0.676715361987251;6.98076923076923;0.179487179487179;13.0763636363636;4.62181818181818;1
0.310920571017297;-13.4166666666667;-0.333333333333333;-1.49333333333333;0.276444444444444;1
0.282387332330425;-0.035714285714286;-0.166666666666667;3.60064935064935;0.422467532467532;0
0.590339624038573;4;0.153846153846154;7.1;1.706;0
0.408201607258382;-4.17857142857143;-0.166666666666667;-6.47176767676768;-1.75962121212121;1
0.241749802702477;-7.99358974358974;-0.358974358974359;-2.57777777777778;-1.52527777777778;1
0.344983377172058;-5.38461538461539;-0.076923076923077;-0.244444444444444;-0.647555555555556;0
0.481399369673648;4.82051282051282;0.051282051282051;2.25666666666667;-1.3985;0
0.116198260384268;-9.87362637362637;-0.346153846153846;-10.16;-5.268;0
0.243887642816144;-9.96794871794872;-0.102564102564102;-3.8;-1.0825;1
0.726970570691026;3.08333333333333;-0.035714285714286;6.20111111111111;5.08088888888889;1
0.28367139697555;-4.51098901098901;-0.186813186813187;-12.1733333333333;-4.50511111111111;0
0.633959258632685;5.97435897435897;-0.044871794871795;3.26388888888889;2.16694444444444;1
0.348582340402024;2.35897435897436;-0.205128205128205;-4.70222222222222;-5.84488888888889;0
0.851814650907238;12.8012820512821;0.602564102564103;6.19087301587302;-6.35604761904762;1
0.64162757572409;10.3296703296703;0.241758241758242;13.9763636363636;3.67527272727273;1
0.599673915163288;12.1483516483516;0.406593406593407;1.2;1.76888888888889;0
0.329090151604966;0.230769230769231;-0.071794871794872;3.01777777777778;1.22933333333333;1
0.478538742448798;-7.28571428571429;-0.258241758241758;-3.52;-2.872;1
0.334080332667032;-1.35714285714286;-0.071428571428571;-4.64222222222222;-1.89288888888889;1
0.255175643465932;-2.2032967032967;-0.17032967032967;-4.61666666666667;-2.96;0
0.748512553785211;11;0.333333333333333;7.55844155844156;3.48474025974026;1
0.465200933976044;-9.28571428571429;-0.176190476190476;1.45333333333333;-0.0500000000000002;0
0.563636286953209;-0.671428571428571;0.161904761904762;1.51111111111111;0.997555555555556;0
0.253682011801239;-10.0714285714286;-0.357142857142857;-6.3568253968254;-2.8947619047619;0
0.254605120803456;-6.63186813186813;-0.263736263736264;-1.84365079365079;-1.95178571428571;0
0.39328229651177;0.38974358974359;0.092307692307692;-2.18444444444444;0.415111111111111;1
0.569322206092779;1.5;0.071428571428572;5.68;1.84244444444444;0
0.151949066968566;-20.5641025641026;-0.712820512820513;-19.5391414141414;-6.37151515151515;0
0.543664185069252;1.58095238095238;0.038095238095238;3.04888888888889;3.90622222222222;1
0.554481751432008;-4.61025641025641;0.025641025641026;3.48444444444444;-0.586666666666667;1
0.918788166046629;10.0190476190476;0.323809523809524;11.4488888888889;6.25044444444445;1
0.338489254608756;-4.83809523809524;-0.176190476190476;-5.41833333333333;-0.24702380952381;1
0.311764424237483;-4.26666666666667;-0.2;-4.78476190476191;0.357452380952381;0
0.299195507363418;-4.16410256410257;0.092307692307692;-6.14722222222222;-3.31210317460317;0
0.878102347523432;15.5274725274725;0.703296703296703;14.8674603174603;6.02539682539683;1
0.20996268437251;-12.8125;-0.4375;-19.1733333333333;-5.73888888888889;1
0.400631930608793;-5.78571428571429;-0.071428571428571;-3.23928571428571;-0.72718253968254;1
0.258108050542025;-14.5333333333333;-0.333333333333333;-9.69333333333333;-5.50022222222222;0
0.665925682580186;3.27678571428571;0.151785714285714;0.747857142857143;1.16842857142857;1
0.554963573399226;3.7;0.380952380952381;5.30095238095238;0.269142857142857;0
0.384728089063784;-4.18974358974359;-0.138461538461538;-5.13428571428571;-2.64942857142857;0
0.570141115308634;-3.29166666666667;-0.166666666666667;6.61111111111111;1.90555555555556;1
0.526285316592646;-2.58333333333333;-0.1;-2.86;-2.565;0
0.399276205039984;-5.1875;0.026785714285714;-2.32222222222222;-2.58695238095238;0
0.562848302589216;-2.47058823529412;0.095588235294118;-7.57818181818182;-0.225818181818182;1
0.079827409207764;-14.9041666666667;-0.366666666666667;-16.4977777777778;-7.542;0
0.256423971184593;-5.26666666666667;-0.2;-2.58412698412698;-2.25373015873016;0
0.565821558896969;5.13333333333333;0;2.16190476190476;0.552269841269841;1
0.266847822507367;-7.73214285714286;-0.455357142857143;-3.59722222222222;-0.667777777777778;0
0.476776407900978;-2.29583333333333;-0.291666666666667;-4.55555555555556;-0.679333333333333;0
0.569289928202353;-1.11764705882353;0.058823529411765;3.78181818181818;0.265272727272727;1
0.918710579759821;12.7875;0.541666666666667;13.89;4.135;1
0.098677969188285;-18.8839285714286;-0.607142857142857;-15.415;-5.991;0
0.271746213518266;-3.74264705882353;-0.080882352941176;-1.51;-0.262;0
0.41955806815071;-5.6;-0.108333333333333;-3.66111111111111;-2.2175;0
0.263091706922355;-15.2352941176471;-0.352941176470588;-11.14;-3.998;1
0.334351756128985;-5.40178571428571;-0.053571428571429;1.13968253968254;-1.98730158730159;0
0.368896325279732;-7.36862745098039;-0.219607843137255;-8.08;-1.38155555555556;1
0.392053214835297;-6.95138888888889;-0.125;-8.35353535353535;-3.89680808080808;0
0.369972452944544;-7.33088235294118;-0.154411764705882;-0.74;-2.334;1
0.642165532015477;-1.17647058823529;-0.07843137254902;3.30833333333333;1.03972222222222;1
0.432894014798795;-2.4375;-0.25;-1.76;-2.449;0
0.369910636851748;-4.38888888888889;-0.055555555555556;-3.37045454545455;-0.691636363636364;0
0.804792416941838;12.4375;0.389705882352941;4.26727272727273;5.34272727272727;1
0.563132279500095;-1.73161764705882;0.084558823529412;2.17444444444444;0.366055555555556;0
0.292146995714288;-4.26102941176471;-0.216911764705882;-7.01222222222222;-2.19516666666667;0
0.882117164165416;10.6470588235294;0.294117647058823;20.08;6.508;1
0.568358883747624;2.96732026143791;0.143790849673203;2.58777777777778;0.473833333333333;0
0.146769983308512;-19.5694444444444;-0.527777777777778;-12.75;-4.293;1
0.207868423492833;-9.86666666666667;-0.4;-16.1;-3.4945;1
0.529468219911726;-0.5;-0.166666666666667;5.74;0.456;1
0.880788094165763;12.5294117647059;0.470588235294118;9.225;2.8825;0
0.461814043870615;-0.183006535947713;-0.091503267973856;0.305952380952381;-0.988849206349206;1
0.626194144475936;-0.572755417956656;0.114551083591331;2.34181818181818;1.11009090909091;0
0.582798074648458;5.2124183006536;0.035947712418301;1.42285714285714;2.74142857142857;1
0.648805081892311;9.73355263157895;0.151315789473684;13.3628571428571;4.61571428571429;0
0.495325420706542;2.41176470588235;-0.176470588235294;-2.82;-0.232;0
0.506431338210572;4.22697368421053;0.203947368421053;0.908838383838383;-1.89454545454545;1
0.149760054671465;-13.6527777777778;-0.590277777777778;-9.14111111111111;-3.49227777777778;0
0.53301607001722;0.294117647058823;0.117647058823529;-0.0488888888888888;0.508666666666667;0
0.280938089323129;-8.22222222222222;-0.277777777777778;0.995555555555556;-0.924;1
0.528186612183439;-2.44152046783626;-0.026315789473684;-5.14;-0.382;1
0.65451441409184;10.7091503267974;0.379084967320261;5.57388888888889;2.91644444444444;1
0.302231221070661;-8.73161764705882;-0.205882352941176;-3.45;-1.84222222222222;0
0.605497158866818;-2.06907894736842;0.075657894736842;2.155;-0.387;0
0.695072662314511;4.56432748538012;0.190058479532164;-0.666919191919192;-0.0151262626262626;1
0.628423329759227;6.50584795321637;0.245614035087719;4.86666666666667;2.63010101010101;0
0.809621042680504;9.72222222222222;0.277777777777778;9.01587301587302;2.0668253968254;0
0.445191730884421;-4.52631578947368;-0.146198830409357;-3.07777777777778;-1.89733333333333;0
0.685991529185021;2.66666666666667;0.166666666666667;2.02984126984127;1.11057142857143;1
0.533139285152892;-2.05555555555556;0.222222222222222;1.92888888888889;0.32;1
0.710847562733876;8.33888888888889;0.166666666666667;8.18666666666667;4.19977777777778;1
0.503757865589581;-0.005263157894737;0.026315789473684;-7.82666666666667;-2.98533333333333;0
0.26465878834293;-0.411764705882353;-0.176470588235294;1.56507936507936;0.307619047619048;1
0.260064859568489;-12.2052631578947;-0.381578947368421;-1.18;-1.72711111111111;0
0.731762454092254;7.8359133126935;0.436532507739938;1.56611111111111;-1.1985;1
0.345638940217619;-5.32748538011696;-0.242690058479532;-6.07388888888889;-5.36038888888889;0
0.712239714097326;10.3039215686275;0.251633986928105;5.17777777777778;3.36111111111111;1
0.640153944976498;3.52631578947368;0.315789473684211;6.415;1.1755;0
0.210071666513386;-11.2105263157895;-0.368421052631579;-7.89142857142857;-5.20190476190476;0
0.672696563477702;6.8421052631579;0.18421052631579;9.31090909090909;4.25581818181818;1
0.63124584672549;3.33095238095238;0.123809523809524;6.49131313131313;2.71644444444444;1
0.289003861930093;-14.4444444444444;-0.444444444444444;-12.17;-3.799;1
0.618544941614768;7.65263157894737;0.181578947368421;5.29444444444444;1.77888888888889;1
0.517379483397196;-1.27631578947368;0.131578947368421;-1.84444444444444;-0.165858585858586;1
0.942869739538616;17.4736842105263;0.526315789473684;14.7;6.51027777777778;1
0.657455406347587;7.87380952380952;0.123809523809524;0.491111111111111;1.59577777777778;0
0.616247234381465;5.15;0.25;1.57777777777778;0.0955555555555556;1
0.555285248127659;-0.473684210526316;0.157894736842105;0.262222222222222;-0.823555555555556;1
0.714230597976167;13.1604010025063;0.288220551378446;2.015;2.4745;0
0.26853443985431;-6.65;-0.15;0.76;1.106;0
0.385837809686446;-4.66666666666667;-0.142857142857143;-11.2418181818182;-2.59327272727273;0
0.283096212261176;-5.95321637426901;-0.070175438596491;-10.5138888888889;-3.535;0
0.393850350187493;3.36666666666667;-0.022222222222222;-0.0999999999999996;-0.2015;0
0.469767666773744;6.28571428571429;0.055137844611529;3.21388888888889;0.708333333333333;0
0.59651719865654;3;0.05;0.873492063492064;-0.429174603174603;1
0.264646608027084;-2.86111111111111;-0.244444444444444;-3.05277777777778;0.705555555555556;0
0.384806837298327;-2.33333333333333;-0.285714285714286;0.205454545454545;0.0267272727272724;0
0.362868218323969;-9.05263157894737;-0.339473684210526;-3.16;-1.821;0
0.871341817026823;14.75;0.35;9.61333333333333;3.93977777777778;1
0.276160364578415;-9.03246753246753;-0.116883116883117;-8.73777777777778;-3.34;0
0.672746621012511;1.38345864661654;-0.06015037593985;1.51111111111111;2.36444444444444;0
0.45624738481119;-0.609090909090909;-0.05;0.642222222222222;0.327999999999999;1
0.580508868567374;0.4;-0.2;1.41111111111111;0.466015873015873;0
0.78707534542774;9.08225108225108;0.445887445887446;3.26363636363636;1.38672727272727;1
0.160308827680478;-5.42142857142857;-0.50952380952381;-4.30920634920635;-1.70336507936508;0
0.806912825416961;11.6227272727273;0.290909090909091;7.07;1.199;1
0.508784315490116;-1.14906832298137;0.049689440993789;-3.51454545454545;-2.8589696969697;1
0.304395310731359;-4.08008658008658;-0.116883116883117;1.55777777777778;-0.807;0
0.447571645546697;0.054112554112555;0.121212121212121;-4.68909090909091;-0.436727272727273;1
0.292310516630353;-5.93571428571429;-0.130952380952381;-3.94555555555556;1.181;1
0.774237023603462;8.1055900621118;0.231884057971014;8.41818181818182;6.59272727272727;1
0.449094325092544;3.82775119617225;-0.019138755980861;2.29722222222222;0.795833333333333;1
0.214602859829975;-6.78696741854637;-0.165413533834586;-3.77880952380952;-1.51670634920635;0
0.482661090669003;-4.6;-0.15;-2.075;-2.538;0
0.286735649812649;-3.14285714285714;-0.190476190476191;-2.82888888888889;-1.45511111111111;0
0.23574973417586;-4.17099567099567;-0.12987012987013;-9.4;-2.7;0
0.746228290331251;9.57142857142857;0.380952380952381;10.9311111111111;2.76333333333333;1
0.528512614312439;0.068181818181818;-0.013636363636364;3.54666666666667;3.96866666666667;1
0.509151364034149;1.8695652173913;0.130434782608696;-1.15959595959596;-1.72383838383838;1
0.68440705236177;6.45454545454546;0.136363636363636;0.617777777777778;-1.156;0
0.196802635013171;-9.0395256916996;-0.25494071146245;-11.24;-8.138;0
0.233461923105309;-2;-0.294372294372294;2.62142857142857;1.87583333333333;1
0.648505947044625;7.11462450592885;0.156126482213439;-0.18;1.334;1
0.430863307623469;-6.27272727272727;-0.090909090909091;-1.31;-1.01022222222222;0
0.767547147774223;9.05454545454546;0.431818181818182;9.56666666666667;2.21916666666667;1
0.576292538320412;3.74565217391304;0.071739130434783;8.58363636363636;1.75695454545455;0
0.394989450990255;-4.92045454545455;-0.227272727272727;-12.34;-2.97466666666667;0
0.385355518922856;-2.72727272727273;-0.045454545454546;-1.84444444444444;-1.35333333333333;0
0.314687360475869;-5.37445887445887;-0.30952380952381;-2.07936507936508;-3.67396825396825;1
0.606386277509619;1.39393939393939;0.143939393939394;-2.24621212121212;-4.55757575757576;0
0.422869130751348;2.004329004329;-0.164502164502164;6.52166666666667;-0.338;0
0.452719718302097;-0.753623188405797;-0.021739130434783;-3.88055555555555;-2.2;1
0.383957487064151;-2.16666666666667;0.068840579710145;3.62323232323232;1.43355555555556;0
0.499855501499635;-4.04761904761905;-0.142857142857143;0.199999999999999;0.451111111111111;1
0.743840047418529;4.27950310559006;0.153209109730849;5.09090909090909;1.67648484848485;1
0.546950736315554;6.69762845849802;0.241106719367589;8.88928571428571;3.08207792207792;1
0.815020815382695;12.7173913043478;0.468379446640316;4.46;5.062;1
0.154613212342135;-13.9836956521739;-0.202898550724638;-12.4454545454545;-6.26;1
0.870602060716183;12.6086956521739;0.496894409937888;4.65833333333333;0.87061111111111;1
0.760246764764194;5.375;0.21969696969697;2.92222222222222;1.06277777777778;1
0.761953965133174;11.9130434782609;0.391304347826087;1.84444444444444;5.41555555555556;1
0.721367095846419;12.535652173913;0.302608695652174;9.16;2.73644444444444;0
0.07573548266407;-15.2971014492754;-0.572463768115942;-16.1888888888889;-7.38;0
0.503297019112456;0.652173913043479;0.043478260869565;0.0611111111111113;0.895833333333333;1
0.395824025830922;-2.23913043478261;0.01268115942029;-2.36142857142857;1.09585714285714;0
0.406875752977122;-3.10782608695652;-0.165217391304348;-5.26980519480519;-2.1112987012987;0
0.498204061384858;-5.5;-0.083333333333333;-3.38262626262626;0.0573535353535355;1
0.427058445106258;-1.75378787878788;-0.117424242424242;-8.30833333333333;-2.36184343434343;1
0.651678787464659;6.8498023715415;0.195652173913043;5.68888888888889;1.21777777777778;1
0.843772369968765;14.8712121212121;0.435606060606061;11.8688888888889;3.22355555555556;1
0.362379282993425;-5.58876811594203;-0.157608695652174;2.46666666666667;0.084222222222222;1
0.665042587032434;11.77;0.228333333333333;3.88333333333333;0.128611111111111;1
0.496940340320737;3.94314381270903;-0.036789297658863;9.31515151515152;5.47252525252525;1
0.681038947581918;7.38363636363636;0.092727272727273;5.40698412698413;2.52857142857143;1
0.637707842275931;3.82166666666667;0.1;-2.225;1.43322222222222;0
0.674322328950268;6.46376811594203;0.315217391304348;6.975;0.659;0
0.090321685450078;-16.28;-0.52;-12.2066666666667;-4.88222222222222;0
0.318248686286651;-4.20833333333333;-0.291666666666667;-3.475;-1.0345;1
0.431451039530231;-4.83653846153846;-0.163461538461538;-2.10277777777778;1.48166666666667;1
0.452814387591405;-1.2;-0.2;-4.32929292929293;-1.54585858585859;1
0.195351270713519;-13.5738461538462;-0.296923076923077;-2.32929292929293;-2.46282828282828;0
0.164780898737475;-16.4583333333333;-0.458333333333333;-8.51111111111111;-3.03333333333333;0
0.520236787789542;-4.42782608695652;-0.168695652173913;-1.66545454545455;0.734;1
0.455135097570801;-2.29468599033816;-0.109500805152979;-0.227272727272727;1.71616161616162;1
0.808300185418957;6.59;0.345;2.64222222222222;3.01555555555556;1
0.303223616601661;-8.45317725752508;-0.12876254180602;-3.15530303030303;2.18618181818182;1
0.391317607747292;-9.95833333333333;-0.25;-4.36444444444444;-3.78977777777778;0
0.578222766967467;3.48;0;2.57777777777778;-0.288888888888889;1
0.710290999901001;4.125;0.25;-1.46190476190476;-0.24468253968254;1
0.481042654939736;-2.35688405797101;-0.063405797101449;1.60079365079365;-0.63484126984127;1
0.394528370791667;-2.19230769230769;-0.192307692307692;-4.6;-1.93777777777778;1
0.424647704814917;-1.57333333333333;-0.121481481481482;-3.44166666666667;-2.1575;1
0.123215425131861;-11.84;-0.48;-0.283333333333333;-1.2709126984127;0
0.895744203690111;13.9723076923077;0.286153846153846;6.91785714285714;3.76164285714286;1
0.54265817423832;3.29166666666667;0.115740740740741;2.86060606060606;-0.0955555555555557;1
0.557297570324821;-5.38425925925926;-0.101851851851852;-3.69166666666667;-0.221944444444444;1
0.561179891798215;-0.724615384615385;-0.018461538461539;-0.507777777777778;2.23994444444444;1
0.706036892147209;10.72;0.24;8.90833333333333;0.310833333333334;0
0.48909458039116;1.365;0.02;-3.33555555555556;0.664055555555555;0
0.772881516004901;10.7749287749288;0.397435897435897;9.48;3.696;1
0.738746205751778;2.19111111111111;0.306666666666667;-1.73333333333333;1.5505;0
0.29336204601763;-11.5384615384615;-0.384615384615385;-5.93111111111111;-2.33711111111111;0
0.443453107042124;-1.06857142857143;-0.117142857142857;5.64444444444445;3.1379797979798;0
0.781780118227439;12.6569230769231;0.375384615384615;2.73111111111111;2.08222222222222;1
0.742672172445183;7.19230769230769;0.269230769230769;4.125;2.5125;1
0.469887047076097;4.9021164021164;0.018518518518519;5.09206349206349;0.0682857142857141;0
0.507173773559867;-3.13390313390313;-0.018518518518519;-2.89191919191919;1.3225;0
0.858661564243345;13.5488505747126;0.370689655172414;9.09466089466089;4.5844733044733;1
0.191243048722878;-10.4814814814815;-0.460740740740741;-10.9466666666667;-3.24577777777778;0
0.529696066859416;0.038461538461539;-0.153846153846154;1.29166666666667;3.97855555555556;1
0.868143875699313;13.776455026455;0.387566137566138;6.50579365079365;1.11520634920635;1
0.330098050322445;-10.0725925925926;-0.300740740740741;-1.77777777777778;-0.511111111111111;1
0.459018449631316;-5.07692307692308;-0.153846153846154;-0.746428571428571;-1.66192857142857;1
0.427352035257971;-5.51719576719577;0.013227513227513;-0.217777777777778;1.68688888888889;0
0.427278760714729;-4.23789173789174;-0.205128205128205;-3.58666666666667;-2.85711111111111;0
0.234449211237317;-12.6346153846154;-0.263736263736264;-5.96767676767677;-1.75191919191919;0
0.457334865309615;0.150769230769231;-0.049230769230769;2.85277777777778;1.00111111111111;1
0.818735506378496;10.5384615384615;0.486263736263736;2.25650793650794;1.71496031746032;1
0.441625582235125;-0.489010989010989;0.038461538461538;-4.56;-0.586;1
0.537707715741545;-0.880636604774536;0.017241379310345;-2.22555555555556;0.627;1
0.580663936596758;3.77920227920228;-0.027065527065527;1.28888888888889;0.673333333333333;1
0.599333610072978;3;0.111111111111111;4.82539682539683;1.48793650793651;0
0.633326210331898;3.85185185185185;0.148148148148148;-0.33962481962482;3.4452987012987;1
0.653360507235838;7.88333333333333;0.169047619047619;5.15571428571429;2.96014285714286;1
0.360899000392592;-2.65134099616858;-0.051085568326948;4.39333333333333;0.534222222222222;0
0.61605774533732;2.06650246305419;-0.092364532019705;-0.290909090909091;1.46054545454545;0
0.410127724069264;-1.55683269476373;0.001277139208174;-0.707301587301587;-3.1449126984127;1
0.824795344948846;16.8390313390313;0.434472934472935;9.71111111111111;1.04;1
0.442824900048552;0.98941798941799;-0.064814814814815;6.24738095238095;0.132666666666667;0
0.510759074182068;-2.08556832694764;0.065134099616858;-0.133333333333333;-1.43866666666667;0
0.259757477541589;-5.84;-0.24;-0.0793650793650795;1.26444444444444;0
0.777334744882842;7.32142857142857;0.214285714285714;4.48253968253968;3.8008253968254;1
0.693764868855721;9.67857142857143;0.285714285714286;-1.49238095238095;-0.80231746031746;1
0.352355685554172;0.998722860791826;-0.077905491698595;2.99722222222222;-1.225;1
0.751577016948142;6.07692307692308;0.269230769230769;4.82222222222222;-0.387936507936508;1
0.601493041076682;0.878306878306878;0.203703703703704;0.370238095238095;0.620674603174603;0
0.371232133527716;1.36666666666667;-0.133333333333333;-5.05777777777778;-2.50022222222222;0
0.451469720243451;3.44444444444444;0.074074074074074;-4.76222222222222;0.128;0
0.373564963392052;-5.16904761904762;-0.238095238095238;-5.00863636363636;-1.23422727272727;0
0.140785165391595;-13.7155172413793;-0.438423645320197;-13.9577777777778;-4.54577777777778;0
0.763742428353177;6.62931034482759;0.227832512315271;4.02666666666667;3.02755555555556;0
0.649326880303106;2.5047619047619;0.183333333333333;-4.86;2.61222222222222;0
0.419918501267664;-3.48571428571429;-0.071428571428571;-2.38989898989899;-2.09826262626263;0
0.051850331635316;-21.3320561941252;-0.602809706257982;-14.1961904761905;-1.81397619047619;0
0.574772593346893;2.05238095238095;0.102380952380952;3.15722222222222;0.0342222222222219;1
0.633967265528008;2.89210233592881;-0.044493882091213;2.26;2.968;1
0.404393342560092;2.20197044334975;-0.097290640394089;-0.382142857142857;-1.22428571428571;1
0.509803834112786;0.00615763546798;0.051724137931035;3.03055555555556;-0.918055555555556;1
0.552669756066312;1.15725806451613;0.075604838709678;1.80545454545455;1.35327272727273;1
0.539003428922871;0.586206896551724;0;3.36888888888889;2.43688888888889;0
0.893386120995548;15.8849206349206;0.527777777777778;13.2333333333333;2.49992063492063;1
0.091011352495223;-13.0838709677419;-0.41505376344086;-16.4266666666667;-4.27136507936508;0
0.352655048861829;-7.23225806451613;-0.120430107526882;-7.37;-1.479;1
0.449622870681977;1.8968253968254;0.017195767195767;-5.27777777777778;-1.37666666666667;1
0.494397041154806;-0.076354679802956;-0.092364532019705;-0.00611111111111096;2.17327777777778;0
0.442253688666373;-1.55483870967742;-0.010752688172043;-0.952727272727273;0.0927272727272727;1
0.525096861920469;-0.241379310344828;-0.068965517241379;0.766666666666667;1.49083333333333;0
0.514215240668096;0.714285714285714;0.025862068965517;-2.36111111111111;-0.689722222222221;1
0.481814759492793;-5.08571428571429;-0.114285714285714;-0.93888888888889;-0.0969444444444443;0
0.220754524647166;-9.24249165739711;-0.373748609566185;-6.16666666666667;-0.641111111111111;0
0.814239227076379;14.0609195402299;0.457471264367816;2.72222222222222;1.09844444444444;0
0.380351637010487;-3.97471264367816;-0.014942528735632;-4.26833333333333;-5.61027777777778;0
0.31206378079099;-5.14055299539171;-0.085253456221198;2.34603174603175;-0.720412698412698;1
0.785871388768342;4.88850574712644;0.317241379310345;5.875;1.28916666666667;1
0.683328560334514;3.77586206896552;0.289655172413793;0.280555555555555;-0.366388888888889;1
0.162104073366275;-14.4183773216031;-0.376344086021505;-6.72888888888889;-2.43555555555556;1
0.290649378853118;-4.375;-0.1875;-2.13333333333333;-3.85644444444444;1
0.518857438678122;-3.72536945812808;-0.051724137931035;2.68888888888889;1.59333333333333;1
0.274283111127059;-10.683908045977;-0.325287356321839;-7.86388888888889;-1.3;1
0.1664473894916;-7.65301724137931;-0.355603448275862;-14.8533333333333;-0.559722222222222;1
0.473637812373118;2.53763440860215;-0.017204301075269;-4.56555555555556;-0.696888888888889;1
0.846932826159513;13.3075268817204;0.409677419354839;10.5644444444444;4.872;1
0.39483747490066;-0.766666666666667;-0.2;-4.40444444444444;-1.26788888888889;1
0.541132720172304;1.47291666666667;0.04375;-4.61333333333333;-3.48888888888889;1
0.298548398322774;-13.1724137931034;-0.317887931034483;-12.4361111111111;-2.07305555555556;0
0.695743466692866;9.50833333333333;0.2875;0.0866666666666666;-0.7475;0
0.668110124949629;5.75632183908046;0.191954022988506;4.80825396825397;0.738603174603175;1
0.517253674623959;1.99022482893451;-0.025415444770284;0.886666666666667;3.35711111111111;1
0.369660103495943;-4.67741935483871;-0.290322580645161;-0.4;-0.935555555555555;0
0.200505998118549;-12.6754032258065;-0.428427419354839;-6.34;1.64;0
0.21860822187374;-9.92979127134725;-0.227703984819734;-3.205;-2.39011111111111;0
0.405149286524501;-5.82013685239492;-0.093841642228739;-3.13777777777778;-2.21888888888889;0
0.580995036008049;0.502083333333333;-0.002083333333333;3.17333333333333;0.681555555555555;1
0.512848700898997;0.10752688172043;-0.049462365591398;-0.696428571428571;3.62057142857143;1
0.433569105768604;-1.00522466039707;-0.028213166144201;-2.67777777777778;-0.843055555555555;0
0.684234949503312;8.97311827956989;0.217204301075269;3.62539682539682;2.17261904761905;1
0.289871203022777;-10.7878787878788;-0.303030303030303;-2.50222222222222;-2.536;1
0.890888814229848;13.4838709677419;0.516129032258065;9.0234126984127;3.53452380952381;1
0.602768795899081;0.129032258064516;0.096774193548387;0.608333333333333;-0.795;1
0.535433634336679;-2.19354838709677;-0.057673509286413;-0.797777777777778;1.48777777777778;1
0.762064483817841;3.90625;0.110416666666667;2.20277777777778;2.26194444444444;1
0.56181849707803;5.6875;0.25;3.84444444444444;2.62888888888889;1
0.684531878439786;5.07291666666667;0.172916666666667;5.56825396825397;-0.726349206349207;1
0.468136645516874;-2.59742647058824;-0.036764705882353;-2.36730158730159;-1.55415873015873;1
0.162893537127056;-15.6683467741935;-0.428427419354839;-10.1;-3.8375;1
0.838632402010449;11.3125;0.360416666666667;2.23928571428571;1.45392857142857;1
0.44889532486642;-0.005357142857143;0.061607142857143;-1.28;-0.815555555555556;0
0.474959398547065;-2.93465909090909;-0.045454545454546;4.04722222222222;0.409444444444445;1
0.762982867275495;6.74193548387097;0.225806451612903;5.07619047619048;2.77206349206349;1
0.664963510967812;5.15151515151515;0.272727272727273;2.61333333333333;4.17427777777778;1
0.542547343071417;-2.06066176470588;0.058823529411765;7.49777777777778;1.09383333333333;1
0.579666443200181;0.627450980392156;0.080213903743316;10.0933333333333;2.10911111111111;1
0.357545763396681;-4.62916666666667;-0.1875;-1.05277777777778;-0.858055555555555;1
0.522355977935468;-1.14231499051233;-0.133776091081594;1.00166666666667;1.34855555555556;1
0.790874743297149;10.59375;0.400735294117647;10.0586507936508;1.8768253968254;1
0.753273544305105;5.99395161290323;0.211693548387097;2.275;1.89357142857143;0
0.920682696009306;18.2121212121212;0.545454545454545;13.4905555555556;4.96811111111111;1
0.340569453606523;-2.69910714285714;-0.1625;-0.157777777777777;-1.32611111111111;0
0.468790893479204;-1.42033235581623;0.000977517106549;-5.50222222222222;-3.11422222222222;0
0.234447004225038;-4.37145650048876;-0.198435972629521;-0.777777777777779;0.922222222222222;0
0.776739848277281;10.5110294117647;0.235294117647059;12.7295238095238;4.64209523809524;1
0.450142785688396;-4.76796536796537;-0.022510822510823;0.339393939393939;0.354343434343434;1
0.801155505218923;11.030303030303;0.303030303030303;8.66428571428571;4.43234126984127;1
0.215082293605772;-9.12121212121212;-0.303030303030303;-8.56666666666667;-2.2525;1
0.597404166889515;2.5;0.029411764705882;1.55555555555556;2.9;1
0.496651354809802;-3.12268907563025;-0.134453781512605;5.01388888888889;-1.225;0
0.429376051779003;2.37229437229437;-0.066666666666667;8.45777777777778;2.11111111111111;0
0.190778046502745;-13.9861111111111;-0.354166666666667;-4.36388888888889;-2.82361111111111;0
0.799121586518321;10.3669642857143;0.38125;3.04722222222222;0.698611111111111;1
0.426369244280621;0.705882352941176;-0.117647058823529;-0.288888888888889;1.93777777777778;1
0.178542718779734;-12.6727941176471;-0.367647058823529;-6.37579365079365;-1.10353174603175;0
0.54451193510411;1.66753246753247;0.056277056277056;-2.87420634920635;0.0671825396825394;0
0.454932803764129;-2.41176470588235;-0.088235294117647;-5.93333333333333;-2.71455555555556;1
0.655996908462577;8.26875;0.242857142857143;4.93111111111111;-0.251777777777778;1
0.883984557949119;14.524064171123;0.428698752228164;11.9642857142857;3.22785714285714;1
0.781606221248647;11.7091503267974;0.316993464052288;2.40176767676768;2.50987373737374;1
0.366914922707191;-5.88235294117647;-0.073529411764706;-3.73650793650794;-2.07587301587302;1
0.448791965536188;-2.57478991596639;-0.040336134453782;0.858333333333334;2.50055555555556;1
0.44258953801372;1.39761904761905;-0.041269841269841;-8.525;-2.02972222222222;0
0.315238728108538;-4.74242424242424;-0.190730837789661;-8.42777777777778;-3.96666666666667;1
0.621575859729749;-0.820855614973262;0.097147950089127;6.23611111111111;1.87694444444444;1
0.577889090595171;0.515151515151515;-0.012477718360071;6.34444444444445;2.53361111111111;0
0.387069579452282;-3.42857142857143;0;-1.99111111111111;-0.497999999999999;1
0.236450029389981;-7.10585585585586;-0.286786786786787;1.51111111111111;-1.56361111111111;1
0.414456045393458;0.428571428571428;-0.057142857142857;-3;-0.368888888888889;1
0.376804052025202;-2.38071895424837;-0.084967320261438;0.755555555555555;-0.837777777777777;0
0.36597031688543;-5.63368983957219;-0.044563279857398;-8.00476190476191;-3.86996031746032;0
0.798747647371563;7.18874458874459;0.302164502164502;7.20444444444444;1.38888888888889;0
0.886756895870066;16.1547619047619;0.44047619047619;17.1797619047619;3.68309523809524;1
0.553739229679815;4.5945945945946;0.027027027027027;-0.745454545454545;0.169454545454545;1
0.533880373487547;1.37581699346405;0.163398692810458;-1.46222222222222;0.930888888888889;0
0.721388690123005;7.40656565656566;0.257575757575758;7.59761904761905;2.49376984126984;1
0.414337550612114;-2.35960960960961;-0.123123123123123;-8.77222222222222;-0.744444444444444;1
0.512242516716896;2.82516339869281;0.065359477124183;-0.00277777777777777;2.91861111111111;1
0.679993580945036;6.58333333333333;0.166666666666667;3.12888888888889;2.23655555555555;1
0.443086775611904;-2.16507936507937;-0.153968253968254;2.59603174603175;-1.2365873015873;0
0.587784087648505;1.33015873015873;0.008730158730159;-1.79111111111111;0.951333333333333;0
0.206188731333479;-9.82857142857143;-0.4;-8.85;-2.675;0
0.656025077086661;1.9551920341394;0.063300142247511;-3.27579365079365;3.3327380952381;1
0.17743334215789;-12.1351351351351;-0.324324324324324;-9.93888888888889;-3.11277777777778;0
0.674324507229453;0.657983193277311;0.156302521008403;0.155555555555556;0.366666666666667;1
0.806431726502587;9.35497835497836;0.327272727272727;4.98333333333333;2.9890873015873;1
0.103327210565431;-15.3823529411765;-0.529411764705882;-12.1289682539683;-3.43484126984127;0
0.653353165102791;5.52857142857143;0.072268907563025;2.62238095238095;1.19278571428571;0
0.856274936080156;12.1812865497076;0.282163742690059;16.3492857142857;3.52985714285714;0
0.406844043582832;-2.36521136521137;0.036036036036036;-1.26888888888889;1.02805555555556;1
0.286310515413407;-7.52481203007519;-0.203007518796992;-2.95353535353535;-0.96050505050505;0
0.603836361663128;2.02177177177177;0.041291291291291;5.29444444444444;0.9225;1
0.669287004543712;5.46471471471472;0.232732732732733;0.666666666666667;1.97361111111111;1
0.337402546344815;-6.44126984126984;-0.185714285714286;-0.858888888888889;-2.74988888888889;1
0.252134684990825;-5.48048048048048;-0.289039039039039;1.34444444444444;1.094;0
0.592495535425468;4.0503003003003;0.178678678678679;3.05833333333333;0.288777777777777;1
0.346783472703412;-4.27777777777778;-0.25;-4.88888888888889;-1.92388888888889;0
0.779468494653833;6.03378378378378;0.265015015015015;6.41388888888889;3.2125;1
0.495008086062984;-1.5109243697479;-0.036134453781513;-6.35674603174603;-1.5684126984127;0
0.470545221110318;3.02857142857143;0.028571428571429;-2.17;-3.6025;0
0.736415856870776;9.28205128205128;0.351551956815115;2.64727272727273;2.06127272727273;1
0.388443300722219;-1.12865497076023;-0.096491228070175;-7.49555555555556;-2.41022222222222;0
0.440858940218389;-3.17071524966262;-0.015519568151147;-3.23428571428571;0.204;1
0.1278586488439;-12.8525096525097;-0.447104247104247;-7.42222222222222;-4.05155555555556;0
0.548467369666002;-3.34210526315789;-0.026315789473684;3.71666666666667;1.93777777777778;0
0.08997870039182;-14.3370870870871;-0.421171171171171;-10.2383333333333;-3.85727777777778;0
0.453195097171468;-0.425;-0.071052631578947;0.438888888888889;0.123666666666667;1
0.453096292292806;0.312944523470839;0.091038406827881;-5.03888888888889;-0.621944444444445;0
0.456300753771643;-0.985064011379801;-0.065433854907539;-8.68095238095238;-1.53561904761905;0
0.482839532007022;3.64864864864865;0;5.49809523809524;2.67403174603175;1
0.564529000586187;-0.713450292397661;0;5.38333333333333;5.25205555555556;1
0.228967739270219;-8.20720720720721;-0.345345345345345;-10.1555555555556;-3.93309523809524;0
0.500600466028487;3.81081081081081;0.027027027027027;-6.4;-0.213333333333333;1
0.761205082848133;5.95614035087719;0.242914979757085;6.86666666666667;2.45111111111111;1
0.767496717674291;6.43093093093093;0.310810810810811;7.50555555555555;2.60583333333333;0
0.322364220390806;-3.36111111111111;-0.188034188034188;-5.18611111111111;-1.53611111111111;1
0.917034963206819;16.0472334682861;0.560053981106613;10.6777777777778;5.71233333333333;1
0.370412888241894;-1.10694183864916;-0.044402751719825;-0.348333333333333;-0.94;0
0.438563667621305;-2.7027027027027;-0.056133056133056;-2.105;-0.8625;1
0.393839755215974;-3.23383458646617;-0.161654135338346;5.79444444444445;0.491388888888889;1
0.540048583990342;2.59174964438122;0.091749644381223;-2.86666666666667;0.235555555555556;1
0.15871410934112;-9.15;-0.45921052631579;-5.64;-1.76;1
0.483689914749743;1.1974358974359;-0.01025641025641;7.91333333333333;0.52;1
0.763759156230793;10.2448717948718;0.23974358974359;0.506666666666667;1.7045;1
0.228444481855815;-8.9972972972973;-0.331756756756757;-0.86;-0.727999999999999;1
0.422750061489309;-2.79445234708393;-0.147937411095306;-12.1428571428571;-1.86571428571429;1
0.292348190339381;-5.998613998614;-0.168399168399168;-8.51071428571429;-2.11357142857143;0
0.374405528032716;-3.43589743589744;-0.051282051282051;-1.29555555555556;2.52155555555556;1
0.864427940371598;13.0200501253133;0.432330827067669;8.82222222222222;4.05166666666667;1
0.466369559957234;-0.5;0.026315789473684;6.36785714285714;-0.231785714285714;0
0.896767180341565;11.9961538461538;0.396153846153846;9.88928571428571;2.34857142857143;1
0.322616679534737;-7.90384615384615;-0.207264957264957;-1.41349206349206;-1.08730158730159;1
0.846382903877447;15.2105263157895;0.447368421052632;4.86944444444444;3.74027777777778;1
0.415435185460557;-2.20310391363023;-0.036437246963563;2.00833333333333;-1.5575;0
0.672153399940447;6.63414634146342;0.170731707317073;7.13777777777778;2.066;0
0.658094698210721;6.45405405405406;0.238513513513513;3.55111111111111;3.384;1
0.307934330480905;-3.1525641025641;-0.266666666666667;-3.33142857142857;1.074;1
0.651866839142425;2.65609756097561;0.039024390243903;10.2527777777778;3.01805555555556;0
0.194429879343207;-8.18421052631579;-0.31578947368421;-2.415;-1.28683333333333;0
0.693721973648648;4.08414634146341;0.160975609756098;4.11388888888889;1.92972222222222;1
0.789300717552306;11.1644923425978;0.309699376063528;2.93333333333333;2.79777777777778;1
0.511347214714565;2.4;0.075;-8.11404761904762;-1.70962698412698;1
0.123416768406356;-15.025641025641;-0.487179487179487;-13.3333333333333;-5.34388888888889;1
0.73766810275389;5.28947368421053;0.175675675675676;4.32222222222222;2.97444444444444;1
0.755628115359698;8.80487804878049;0.195121951219512;6.64222222222222;2.07822222222222;1
0.456794868548032;-4.43141025641026;-0.042307692307692;-5.825;-0.897063492063492;1
0.4932093831651;-2.18488529014845;0.03778677462888;3.86944444444444;-0.0944444444444443;1
0.749658163999479;9.43910256410256;0.216666666666667;2.98;3.81088888888889;1
0.112720068917429;-16.0641025641026;-0.532967032967033;-9.88333333333333;-3.54238888888889;0
0.605734754299768;0.668408826945412;0.107433217189315;2.52388888888889;2.97588888888889;0
0.337746748124338;-4.47404627892433;-0.175109443402126;-8.25166666666667;0.146166666666666;0
0.393414492949644;-4.45887445887446;-0.087662337662338;7.15555555555556;-2.34644444444444;0
0.329054730651571;-3.52073170731707;-0.135975609756098;-7.03414141414141;0.677535353535354;0
0.591668263118136;2.05128205128205;0.084249084249084;-0.306666666666667;0.138222222222222;1
0.712995961745648;8.08367071524966;0.197031039136302;-1.19;0.448;0
0.556879036488589;1.70231394621639;0.122576610381488;1.94285714285714;0.8425;1
0.602363757834998;2.32205513784461;-0.010025062656642;2.40063492063492;1.45339682539683;1
0.681865689143091;1.05;0.125;-0.230555555555556;-0.246388888888889;1
0.70005278350517;6.17820512820513;0.106410256410256;8.55952380952381;2.55583333333333;1
0.214043394900015;-10.0130952380952;-0.294047619047619;-4.57777777777778;-3.72466666666667;0
0.578585244593497;3.97619047619048;0.071428571428571;1.20666666666667;1.49377777777778;1
0.143849392775831;-16.4;-0.475;-12.7055555555556;-2.72277777777778;0
0.18060970393274;-11.7436188315372;-0.475893363584799;-7.81777777777778;-4.92622222222222;1
0.623613398856254;4.87380952380952;0.175;-1.62396825396825;-1.18986507936508;0
0.818574567692163;9.79817073170732;0.433536585365854;6.69801587301587;3.42162698412698;1
0.338387683667911;-3.87008547008547;-0.076923076923077;-3.38;-3.12057142857143;0
0.475760051347895;3.67214974475326;0.06920022688599;-5.22968253968254;-1.15392063492064;1
0.201659813465514;-12.7254534083802;-0.349593495934959;1.33888888888889;-0.521666666666667;1
0.510043420555126;-0.288372093023256;-0.056395348837209;9.04722222222222;0.344444444444445;1
0.762389713850714;5.58246225319396;0.205574912891986;5.76454545454545;0.964090909090909;0
0.376348219828234;-1.62166761202496;-0.143505388542257;-10.8777777777778;-0.657777777777778;1
0.695249599761487;5.40454545454545;0.227272727272727;4.84545454545455;2.58709090909091;1
0.589079045484396;2.07419712070875;-0.014396456256921;5.70476190476191;0.194920634920635;1
0.843514095387684;11.3539421440726;0.272263187748156;10.76;4.10157142857143;1
0.375693804351097;-1.75;-0.125;-10.7892857142857;-0.225357142857143;0
0.851686385813855;10.6060975609756;0.407926829268293;-1.56944444444444;0.655555555555556;1
0.487767672635295;0.469221835075493;-0.055749128919861;-2.99642857142857;-3.20178571428571;1
0.297177934572253;-3.05899035734543;-0.09472490073738;-6.86383838383838;-1.32105050505051;0
0.762032225623792;10.4823170731707;0.355487804878049;3.55;-2.23433333333333;1
0.757355718784293;7.40088593576966;0.341085271317829;5.85238095238095;0.486230158730159;0
0.325985886634739;-5.11904761904762;-0.166666666666667;-3.175;0.0222142857142858;1
0.338997268939155;-6.27605321507761;-0.101441241685144;0.133333333333333;-1.48533333333333;1
0.39125112951242;-2.44090909090909;-0.059090909090909;5.13174603174603;0.63436507936508;1
0.556312771274634;-0.190476190476191;0.083056478405316;3.77222222222222;-1.24559523809524;1
0.254898521444626;-5.58730158730159;-0.123809523809524;-9.63571428571429;-2.00835714285714;0
0.675415832812573;3.23835920177384;0.177937915742794;1.15;0.0549999999999999;1
0.718813015982057;7.35507657402155;0.20022688598979;10.7928571428571;1.28130952380952;0
0.248092232705724;-8.94629014396456;-0.294573643410853;-3.88055555555556;-2.41472222222222;0
0.281605173845114;-5.0185577942736;-0.210498409331919;-7.64571428571429;-2.58771428571429;1
0.685947971690137;5.25396825396826;0.219047619047619;5.18611111111111;2.19222222222222;0
0.348008285848772;-1.03787878787879;-0.093073593073593;-8.48666666666667;-2.3345;1
0.68408068403334;5.46228020419739;0.215541690300624;1.97777777777778;-0.0466666666666665;1
0.72974615252653;10.9468438538206;0.29734219269103;10.9288888888889;3.56794444444444;1
0.41857805148821;-4.68936877076412;-0.173864894795127;1.225;-0.529;1
0.560182915566385;3.18073593073593;0.122294372294372;-4.20555555555556;-1.58232323232323;0
0.359777561926252;-5.94009661835749;-0.139613526570048;-3.2;-0.957171717171717;0
0.48335953558074;-3.73577235772358;-0.054006968641115;-9.60833333333333;-1.84666666666667;0
0.60198453667848;2.93831168831169;0.096320346320346;0.55;-0.383555555555555;1
0.333188531335557;-8.02771618625277;-0.244456762749446;-6.675;-0.428333333333333;1
0.653139836220354;5.39177489177489;0.112554112554113;1.10825396825397;2.1171746031746;1
0.069874706823784;-17.6625322997416;-0.46046511627907;-17.2456349206349;-6.60587301587302;0
0.55922759992425;0.749134092033646;-0.014844136566056;-1.45650793650794;2.10463492063492;1
0.761917112305971;11.3953488372093;0.325581395348837;1.72;0.7645;0
0.414153874171958;0.289036544850498;-0.079734219269103;-3.64753968253968;-1.59985714285714;1
0.399292336921761;2.03858350951374;-0.01215644820296;-2.3484126984127;-0.791349206349206;0
0.436647465015292;-4.85757575757576;-0.053535353535354;1.08;-1.3405;0
0.093450701097171;-17.3720930232558;-0.581395348837209;-10.9427777777778;-3.19811111111111;0
0.610744655261575;2.47286821705426;0.094573643410853;2.31825396825397;-0.895674603174603;0
0.087642132988936;-16.75;-0.545454545454545;-15.85;-6.84638888888889;1
0.633075071462758;1.47545219638243;0.089405684754522;3.92438672438672;1.31105339105339;0
0.259212949182005;-6.71499257793172;-0.258287976249382;-3.92484848484848;-4.07715151515152;1
0.21582834025843;-7.79112554112554;-0.327922077922078;-0.333333333333333;-3.44027777777778;1
0.612213792973032;3.62777777777778;0.076262626262626;5.325;2.71222222222222;0
0.367949128935647;-4.9536231884058;-0.097584541062802;-1.63650793650794;-0.648293650793651;0
0.240419228983495;-11.083850931677;-0.295031055900621;-1.54166666666667;-1.51861111111111;1
0.315389735617845;-3.88636363636364;-0.159090909090909;-5.62920634920635;-0.987619047619047;0
0.488648672155969;-1.47727272727273;-0.059196617336152;4.76;0.3745;1
0.326117936624079;-5.70424671385238;-0.211830131445905;1.70277777777778;-2.53505555555556;1
0.431639755878905;-4.34090909090909;-0.022727272727273;-1.58492063492063;0.911230158730159;0
0.801846637951598;7.69873150105708;0.311310782241015;3.71111111111111;1.71777777777778;0
0.395278998903611;-5.03219696969697;-0.117424242424242;-1.50270562770563;-2.3436038961039;1
0.293602763587883;-5.53484848484849;-0.128787878787879;-4.36611111111111;-1.25727777777778;0
0.443667856330578;-0.134299516908213;-0.077777777777778;-6.36833333333333;0.450277777777777;0
0.120226148116925;-10.6444444444444;-0.333333333333333;-11.6539682539683;-4.29948412698413;0
0.469079670421613;-4.82705314009662;-0.057004830917875;0.895;1.13;1
0.608233225530226;5.96194503171247;0.105179704016913;-3.52;-0.86;0
0.372172350830753;-3.55555555555556;-0.177777777777778;0.308333333333333;0.2625;0
0.507538662326717;-0.890316205533597;-0.093873517786561;6.73030303030303;1.72840909090909;1
0.650944453746218;3.39764492753623;0.079710144927536;1.71666666666667;4.90777777777778;1
0.456885732070603;0.409090909090909;-0.122222222222222;5.81944444444444;1.4165873015873;0
0.680296328477369;4.17874396135266;0.231400966183575;-1.10222222222222;1.35033333333333;1
0.648935997699918;4.08434343434343;0.098484848484849;7.39;-0.67;1
0.800075312676347;10.3035171515415;0.290490664350847;7.98;7.12111111111111;1
0.591944187904738;1.55555555555556;0.111111111111111;-0.539682539682539;-0.174920634920635;1
0.751803612335354;6.97115839243499;0.217021276595745;3.7734126984127;-0.128452380952381;1
0.876131031024035;13.4787878787879;0.481818181818182;4.72;4.538;1
0.393120171621554;-4.50647548566142;-0.074468085106383;-7.24;-1.68657142857143;1
0.607864792172625;4.38019323671498;0.142028985507246;4.21;1.3215;1
0.448224614374039;-0.56183574879227;0.031400966183575;-4.82888888888889;-1.76311111111111;0
0.532835686049274;3.32747456059204;0.141535615171138;-2.19722222222222;-3.45944444444444;0
0.187297782525728;-11.8463768115942;-0.408695652173913;-4.19166666666667;-2.8525;1
0.235099676987218;-11.3766233766234;-0.307513914656772;4.08181818181818;-0.924;0
0.392538478179608;-3;-0.148936170212766;1.50277777777778;-0.774166666666667;1
0.568166630916;4.52821461609621;0.098057354301573;4.46666666666667;0.613333333333333;0
0.511586423739503;-2.30296022201665;-0.09481961147086;3.30833333333333;0.499761904761904;1
0.339015890072564;-2.28260869565217;-0.152173913043478;-5.50444444444444;-0.202666666666666;0
0.807828225633273;7.6308973172988;0.209528214616096;11.4928571428571;6.36178571428571;1
0.700824759574615;7.80434782608696;0.173913043478261;8.31031746031746;3.43897619047619;1
0.332877081061688;-4.30386473429952;-0.118357487922705;-8.98;3.436;0
0.584068668227399;3.83333333333333;0.0625;5.46666666666667;1.69555555555556;0
0.663284034749574;2.30673758865248;0.136968085106383;2.1;2.14921428571429;1
0.605626139061817;3.45200945626477;0.093144208037825;1.61666666666667;1.06194444444444;1
0.318290922984531;-7.3904347826087;-0.178260869565217;-3.05681818181818;-0.835909090909091;1
0.337324135259532;-3.90194264569843;-0.160962072155412;-8.81333333333333;-4.57066666666667;0
0.73620951474091;10.7943262411348;0.242021276595745;8.80849206349206;2.15631746031746;0
0.580771010877179;4.77638888888889;0.101388888888889;-2.95;0.6495;1
0.825985113559423;11.7826086956522;0.434782608695652;0.146428571428572;1.6127380952381;0
0.119869873358553;-15.9867021276596;-0.413563829787234;-10.8944444444444;-2.4975;0
0.470049928802423;-2.55874190564292;-0.034690101757632;4.28484848484848;0.487878787878788;1
0.752471052591501;6.4197695035461;0.183510638297872;7.21277777777778;2.62838888888889;1
0.684377422573734;3.48936170212766;0.170212765957447;5.0734126984127;3.33761904761905;1
0.577570884476926;4.87103777681285;-0.004776378636561;9.15706349206349;1.97934920634921;1
0.230051422951366;-8.10360777058279;-0.333950046253469;2.26666666666667;0.14;1
0.266100446557629;-5.7733391228832;-0.252279635258359;-2;-1.58444444444444;0
0.614089648382509;7.72916666666667;0.208333333333333;2.77468253968254;2.23434126984127;1
0.743953488914089;4.2301346070343;0.145896656534954;8.88055555555555;4.74383333333333;1
0.758545070955179;8.47303921568627;0.290441176470588;0.877777777777777;2.15511111111111;1
0.66351466490666;7.31515957446809;0.182624113475177;4.35396825396825;0.813730158730158;1
0.541880822581019;-4.21641156462585;-0.050595238095238;-2.00833333333333;-0.0313888888888888;1
0.285386999114232;-5.63913043478261;-0.136521739130435;-14.3055555555556;-4.66805555555556;1
0.732485044308691;5.13785460992908;0.285017730496454;-1.01388888888889;0.502777777777778;1
0.325073670332348;-4.83787234042553;-0.151914893617021;-6.64555555555556;-1.23216666666667;0
0.56334339499949;-2.43877551020408;0.012755102040816;0.0868686868686868;0.771919191919192;1
0.335162947809092;-6.265;-0.2325;0.240555555555555;-0.399555555555556;0
0.490376202802327;1.63095238095238;0.049744897959184;1.45;-0.119365079365079;1
0.425296364586374;-2.30187074829932;-0.195578231292517;2.27111111111111;-0.23;1
0.548355738460076;2.06427304964539;-0.007978723404255;5.02222222222222;3.6959595959596;1
0.412035194226934;-1.52978723404255;-0.133191489361702;2.28888888888889;-5.36777777777778;0
0.232443699681264;-9.6875;-0.3125;3.36666666666667;0.108253968253969;0
0.673322426974148;3.7320885801129;0.165436387320886;6.81111111111111;3.55755555555556;1
0.597110136151946;0.551020408163265;0.081632653061225;0.304761904761905;0.732063492063492;0
0.903951610547773;11.9005102040816;0.384778911564626;15.0214285714286;4.47085714285714;1
0.795889410905402;8.13357843137255;0.25;11.995;7.9765;1
0.633312686884229;6.75039246467818;0.120879120879121;1.72;1.628;0
0.826836160037645;13.6041666666667;0.395833333333333;3.30995670995671;2.92972582972583;1
0.185683358006324;-9.08163265306122;-0.224489795918367;-14.7861111111111;-5.95361111111111;0
0.281494969819747;-10.3674509803922;-0.227450980392157;-8.51590909090909;-1.36219696969697;1
0.198812212524269;-8.56164965986395;-0.357993197278912;-3.16444444444444;-2.19466666666667;0
0.509349824417293;0.428571428571429;0.061224489795918;-0.281746031746032;-0.914801587301587;1
0.804692528787161;8.7817896389325;0.305729984301413;3.02285714285714;6.60576984126984;1
0.660903041976961;5.34792452830189;0.179245283018868;1.54545454545455;2.3594227994228;1
0.465021032584646;-1.13843137254902;-0.028235294117647;-7.15555555555556;-2.27333333333333;1
0.54574410257363;-0.958333333333333;0;8.8415873015873;0.265174603174603;1
0.5441630260348;0.371836734693877;0.052244897959184;-3.135;-0.1195;0
0.572924362357521;2.71428571428571;0.081632653061225;2.47333333333333;-0.808444444444445;0
0.699344979076231;4.80538461538461;0.195384615384615;3.31555555555556;0.910666666666667;1
0.578762606535976;0.194285714285714;0.091020408163265;3.68095238095238;0.786857142857143;1
0.712794088096667;5.12122448979592;0.211836734693878;11.2677777777778;3.94572222222222;1
0.628824530565112;3.57142857142857;0.03265306122449;6.50707070707071;1.39070707070707;1
0.212185488658766;-7.81004901960784;-0.256127450980392;-2.61111111111111;-2.02427777777778;0
0.346491896299347;-2.04692307692308;-0.196923076923077;-2.73055555555556;1.82777777777778;0
0.401843996182665;-5.3130612244898;-0.108571428571429;2.3;-0.222;0
0.750849118618338;9.53061224489796;0.326530612244898;-1.33012265512266;0.401148629148629;1
0.701020972715607;3.14;0.16;3.495;0.9725;1
0.074472236522863;-16.24;-0.48;-16.2022222222222;-6.52866666666667;1
0.187618679952126;-13.5301960784314;-0.408235294117647;-0.301818181818182;-2.29563636363636;0
0.545322010580255;-1.12;0.02;7.5468253968254;1.17190476190476;1
0.595620843419868;2.43137254901961;0.137254901960784;-4.55;-0.5375;1
0.463187378584423;-0.148461538461538;-0.016923076923077;7.06888888888889;1.85888888888889;1
0.573309065329166;3.43795355587808;0.102322206095791;-0.724285714285714;6.32176190476191;0
0.451979355700401;-2.84285714285714;-0.093877551020408;1.42;0.609111111111111;0
0.427084319781453;-4.11764705882353;-0.03921568627451;-1.49833333333333;-1.34716666666667;0
0.585831364452413;5.03764705882353;0.090980392156863;-0.0709956709956712;0.214242424242425;1
0.448988452626549;0.989064856711915;-0.011689291101056;4.72590909090909;0.883954545454546;1
0.399473452224205;0.156862745098039;-0.03921568627451;-8.40833333333333;-0.993611111111111;0
0.602565388422115;2.76470588235294;0.058823529411765;2.035;-0.663166666666667;1
0.52268455546751;0.88;0.04;-5.78722222222222;-0.841190476190476;1
0.319646633785646;-7.75773584905661;-0.195094339622642;-1.21;1.81403968253968;1
0.4060189429181;-3.3921568627451;-0.098039215686275;-1.49123376623377;-0.249337662337662;0
0.724538591791252;9.76470588235294;0.274509803921569;1.28666666666667;3.11888888888889;1
0.788926040601966;11.6069182389937;0.307826694619147;4.15555555555556;2.38666666666667;1
0.484951400579319;-0.535822021116139;-0.030920060331825;0.0299999999999998;0.5165;0
0.348998894877015;-4.94392156862745;-0.131372549019608;1.52222222222222;-0.108;0
0.161919769734622;-14.3921568627451;-0.411764705882353;-4.05894660894661;-1.55470057720058;0
0.556731923936344;0.598039215686275;0.125942684766214;-1.72444444444444;0.243174603174603;1
0.126770446150389;-11.079939668175;-0.415158371040724;-11.6686868686869;-5.01414141414142;0
0.643320157505396;5.31339031339031;0.128205128205128;0.840714285714286;5.19335714285714;1
0.774283234129938;7.24145299145299;0.284900284900285;8.74;2.518;1
0.411533733601684;1.60230769230769;0.016923076923077;-9.42222222222222;-1.00888888888889;0
0.339607987921257;-6.00689404934688;-0.238388969521045;0.108838383838384;0.137323232323232;1
0.285673674567374;-7.61538461538462;-0.25;-5.7718253968254;-4.27698412698413;0
0.282129155509601;-6.32692307692308;-0.181059506531205;1.85;-0.297666666666667;0
0.867569175986218;12.3239064856712;0.343137254901961;9.85;6.77944444444444;1
0.236277198328718;-5.66666666666667;-0.262443438914027;-4.00152958152958;-3.24965367965368;1
0.264075626953983;-5.35594405594406;-0.229370629370629;-4.03333333333333;-0.565555555555556;0
0.493697869396942;0.061965811965813;0.024216524216524;-0.505050505050505;0.760202020202021;0
0.34531191171145;-5.10691823899371;-0.13984461709212;-4.29555555555556;-2.45311111111111;1
0.28711567461751;-7.86465892597968;-0.256894049346879;-2.25396825396825;-1.78222222222222;1
0.336378516288233;-4.57184325108853;-0.200653120464441;0.945;-0.5175;0
0.182353219294437;-7.75471698113208;-0.264150943396226;-12.1933333333333;-2.31511111111111;0
0.235148280848013;-8.41981132075472;-0.297532656023222;-1.3718253968254;-0.975476190476191;0
0.358345807358955;-1.73005698005698;-0.034900284900285;-5.15015873015873;-1.77571428571429;0
0.411533733601684;1.60230769230769;0.016923076923077;-9.42222222222222;-1.00888888888889;0
0.339607987921257;-6.00689404934688;-0.238388969521045;0.108838383838384;0.137323232323232;1
0.285673674567374;-7.61538461538462;-0.25;-5.7718253968254;-4.27698412698413;0
0.282129155509601;-6.32692307692308;-0.181059506531205;1.85;-0.297666666666667;0
0.867569175986218;12.3239064856712;0.343137254901961;9.85;6.77944444444444;1
0.236277198328718;-5.66666666666667;-0.262443438914027;-4.00152958152958;-3.24965367965368;1
0.264075626953983;-5.35594405594406;-0.229370629370629;-4.03333333333333;-0.565555555555556;0
0.493697869396942;0.061965811965813;0.024216524216524;-0.505050505050506;0.76020202020202;0
0.34531191171145;-5.10691823899371;-0.13984461709212;-4.29555555555556;-2.45311111111111;1
0.28711567461751;-7.86465892597968;-0.256894049346879;-2.25396825396825;-1.78222222222222;1
0.336378516288233;-4.57184325108853;-0.200653120464441;0.945;-0.5175;0
0.182353219294437;-7.75471698113208;-0.264150943396226;-12.1933333333333;-2.31511111111111;0
0.235148280848013;-8.41981132075472;-0.297532656023222;-1.3718253968254;-0.975476190476191;0
0.358345807358955;-1.73005698005698;-0.034900284900285;-5.15015873015873;-1.77571428571429;0
0.194054369501012;-11.6468531468531;-0.246153846153846;-6.66944444444445;-2.92277777777778;0
0.620118938185698;5.89483065953654;0.104099821746881;-1.66214285714286;3.40278571428571;0
0.498825072203127;2.39622641509434;0;1.90444444444444;1.60244444444444;0
0.594227360960331;2.28846153846154;0.038461538461538;2.89444444444444;1.32666666666667;1
0.310372213922217;-6.18867924528302;-0.188679245283019;-8.68785714285714;-2.01992857142857;1
0.335932237892775;-2.35849056603774;-0.188679245283019;-1.85111111111111;-0.936888888888889;1
0.32867960692066;-2.77358490566038;-0.150943396226415;-0.997222222222223;0.571111111111111;0
0.635091377001964;0.157474600870827;0.124092888243832;9.01333333333333;2.84977777777778;0
0.701024340915395;6.17089985486212;0.239477503628447;1.61142857142857;0.336698412698412;1
0.323771273275644;-5.14884696016772;-0.085953878406709;-9.54909090909091;-1.286;1
0.175482314087672;-12.8375262054507;-0.274982529699511;-10.3977777777778;-4.75233333333333;0
0.632511208702449;3.37667238421955;0.032590051457976;5.96;1.18844444444444;1
0.815716278174463;12.082671957672;0.381613756613757;5.02222222222222;4.96866666666667;1
0.484325512867659;2.38085255066387;-0.011879804332635;2.87261904761905;2.11883333333333;0
0.430371202994198;-1.14814814814815;-0.111111111111111;-2.73166666666667;1.99183333333333;1
0.148326408318186;-11.4109777015437;-0.373584905660377;-10.0366666666667;-2.43288888888889;1
0.584086240192484;4.87037037037037;0.12962962962963;1.56;0.760833333333333;0
0.486469531307337;0.740740740740741;0.018518518518519;-1.40888888888889;-0.220444444444445;1
0.528476059333827;6.24074074074074;0.074074074074074;-1.75555555555556;1.09050505050505;0
0.293021449361272;-8.55555555555556;-0.222222222222222;0.766587301587302;0.0117857142857141;0
0.139830208065188;-10.0833333333333;-0.422619047619048;-8.96;-3.966;0
0.698430894986286;5.46396103896104;0.079220779220779;10;1.98511111111111;0
0.445139598418137;0.307718696397942;-0.038765008576329;-3.35555555555556;-0.542222222222222;1
0.576622350389031;2.15437392795883;0.040137221269297;11.1307142857143;3.09992857142857;1
0.305454651152768;-4.53703703703704;-0.240740740740741;-2.35166666666667;-2.0675;0
0.122916013162238;-14.6666666666667;-0.407407407407407;-10.8156349206349;-3.53399206349206;1
0.391525879034729;-2.90909090909091;-0.072727272727273;-6.62;-1.06266666666667;0
0.527950260593789;1.21144781144781;0.007070707070707;13.7964285714286;5.33321428571429;0
0.419244042149058;-2.09259259259259;-0.148148148148148;-0.575;-1.72944444444444;0
0.428393456810832;-5.30909090909091;-0.109090909090909;-2.30357142857143;-0.919880952380953;1
0.230987162622413;-6.28233276157805;-0.316295025728988;-7.06444444444445;-0.908444444444445;0
0.385285682551874;-3.4211038961039;-0.078896103896104;4.8431746031746;-1.79679365079365;0
0.699099253638911;5.86026936026936;0.176430976430977;3.93;0.62;1
0.156039129464527;-14.2105263157895;-0.395215311004785;-7.60666666666667;-3.464;0
0.762122591674259;8.29090909090909;0.272727272727273;9.405;4.17927272727273;1
0.240344034918955;-9.04006734006734;-0.280808080808081;-1.76888888888889;-0.541333333333333;0
0.502506166686131;1.62857142857143;0.064285714285714;-5.68;-0.979777777777778;1
0.620906459265143;3.77954545454545;0.135064935064935;5.86222222222222;0.196666666666667;1
0.681007429004271;7.8624686716792;0.273182957393483;2.76;1.01;0
0.675732492532315;4.65382205513785;0.203634085213032;5.48;1.8;0
0.600918772057054;0.179220779220779;0.079545454545455;3.08;0.416857142857143;0
0.490361613909507;-0.44204260651629;-0.029761904761905;-9.77206349206349;1.26955555555556;1
0.651567184580221;6.65064935064935;0.188961038961039;6.57142857142857;2.90380952380952;1
0.702928328854396;2.67857142857143;0.142857142857143;-1.06222222222222;-0.612888888888889;1
0.885190066312698;14.9935064935065;0.407792207792208;12.1362121212121;5.09256565656566;1
0.553091719222798;3.8;0.036363636363636;-2.11111111111111;-1.11111111111111;1
0.339585888173561;-3.30753968253968;-0.093253968253968;-11.3056349206349;-2.65884126984127;0
0.296756513166487;-3.51785714285714;-0.178571428571428;-2.68428571428571;-2.4200873015873;1
0.380939477746484;-3.7826354679803;-0.048645320197044;-6.31333333333333;-2.70466666666667;0
0.596563453185063;-0.68859649122807;0.045112781954887;0.319047619047619;-0.115238095238095;1
0.824776403591153;8.50462519936204;0.305582137161085;9.41428571428571;0.597523809523809;1
0.291555022845508;-9.58862673926195;-0.286146400483969;-11.6214285714286;-3.24642857142857;0
0.788809617730531;9.01785714285714;0.214285714285714;3.16666666666667;3.25333333333333;1
0.444377760041494;-1.54072681704261;-0.025375939849624;-1.7047619047619;-1.62380952380952;1
0.405216691322877;-2.20538415003025;-0.077434966727163;-10.7657142857143;-2.36285714285714;1
0.231961026312658;-8.40714285714286;-0.243181818181818;-17.7666666666667;-3.517;1
0.530275700836071;0.535714285714286;0.132832080200501;-1.82666666666667;-2.40866666666667;0
0.674453388265034;4.78947368421053;0.175438596491228;2.17;2.40866666666667;1
0.328144655024343;-4.27113237639554;-0.159489633173844;-7.7;-3.09666666666667;0
0.485321114043898;1.39097744360902;-0.006892230576441;4.23333333333333;0.863333333333334;1
0.760578986274644;6.17059891107078;0.233817301875378;0.88;3.08933333333333;1
0.358612589435746;1.3859649122807;-0.070175438596491;-4.40571428571429;0.227714285714286;1
0.794449665414521;7.31140350877193;0.277882205513784;6.53809523809524;0.827619047619047;1
0.369227822843869;-4.79573934837093;-0.153822055137845;-2.26666666666667;-1.31285714285714;0
0.590440642110764;-2.53690260133091;0.009981851179673;4.97619047619048;-2.63238095238095;0
0.293292987352481;-5.85518881950639;-0.205471305382099;-3.76666666666667;-0.356666666666666;1
0.437253852582741;2.04083484573503;0.01058681185723;-2.91428571428571;-0.215714285714286;1
0.520977472230422;0.051724137931035;-0.068965517241379;5.06428571428571;1.06357142857143;1
0.721261427735545;6.08805418719212;0.214285714285714;3.98285714285714;-3.51371428571429;0
0.489478180617519;1.12976406533575;-0.01058681185723;2.71428571428571;-0.8;1
0.718552611591344;7.50263004091175;0.298363530099357;9.29142857142857;2.07028571428571;1
0.96475167833048;21.719298245614;0.684210526315789;13.2333333333333;3.76333333333333;1
0.126327318478485;-14.8085043116265;-0.449895926256319;-14.94;-7.14933333333333;0
0.630852757434052;5.5006157635468;0.136083743842365;-0.0600000000000005;0.325999999999999;1
0.412250040953803;-2.17066043249562;-0.127995324371713;5.03714285714286;2.31857142857143;0
0.527323435275004;-2.09975369458128;-0.013546798029557;9.15;4.74366666666667;0
0.342849437576643;-2.86206896551724;-0.155172413793103;-3.55857142857143;-0.443571428571429;0
0.582064630145669;6.837870538415;0.165154264972777;2.54;0.324;1
0.656288039868577;3.95236703682057;0.179135008766803;7.26;0.373714285714286;1
0.714678084630188;2.98275862068966;0.172413793103448;2.41904761904762;0.601904761904762;1
0.748884035018626;5.05263157894737;0.245614035087719;5.08571428571429;0.28;1
0.314787363487017;-7.52542372881356;-0.186440677966102;-8.65;-1.10833333333333;0
0.09069714064953;-18.1379310344828;-0.46551724137931;-13.347619047619;-4.31238095238095;0
0.640981897492577;3.67942723553478;0.092343658679135;5.14833333333333;1.56066666666667;0
0.396677142745781;-1.85096434833431;-0.061075394506137;-2.06190476190476;0.0838095238095236;1
0.678224754021105;7.95028248587571;0.191525423728814;19.215;4.343;0
0.504163434458086;-1.74576271186441;0.033898305084746;-3.91428571428571;-2.40857142857143;0
0.215667953361111;-10.4275944097532;-0.250966399048469;1.80761904761905;-2.93180952380952;1
0.530707203747745;2.23144360023378;0.060783167738165;-6.57333333333333;-0.362666666666667;1
0.547534306111176;0.949152542372881;0.067796610169492;-4.69238095238095;-1.68590476190476;0
0.766343281465326;6.65762711864407;0.278248587570621;-4.26;-0.116;1
0.448421106944392;-4.47457627118644;-0.050847457627119;-4.4;-0.65;1
0.406908174739225;-7.02203389830509;-0.107062146892655;-8.53142857142857;-5.56285714285714;0
0.485700739914232;-2.98333333333333;-0.033333333333334;1.48666666666667;-0.257333333333334;0
0.57109102847607;1.25423728813559;0.152542372881356;-4;-1.15333333333333;1
0.640807490688768;4.92316384180791;0.077118644067797;1.8;1.3352380952381;1
0.395687686992194;1.80287356321839;-0.003448275862069;-8.66666666666667;-2.91;0
0.415473667673331;-2.88908045977012;-0.073563218390805;-4.88571428571429;1.79666666666667;1
0.447876709218442;0.81551724137931;-0.001724137931035;-2.30714285714286;-0.9475;0
0.425291040185498;-3.53333333333333;-0.1;4.78095238095238;0.00380952380952393;1
0.73215240361307;9.41896551724138;0.259195402298851;11.1933333333333;2.8755;1
0.674325812924065;5.26666666666667;0.216666666666667;1.10952380952381;2.1947619047619;0
0.453600965489495;-3.31619894415115;-0.078355098638511;-5.32;-0.998;0
0.761002550479997;6.30287356321839;0.261494252873563;6.39428571428571;0.0881428571428571;0
0.147524406744451;-13.05;-0.333333333333333;-6.23857142857143;-2.49161904761905;1
0.399010328135269;-6.06666666666667;-0.133333333333333;-3.17428571428571;-2.2447619047619;1
0.32752655307564;-3.0954802259887;-0.176553672316384;-0.653333333333334;-0.440666666666667;1
0.341471538338287;-5.71694915254237;-0.128248587570622;-4.12666666666667;0.343333333333333;0
0.292785835638384;-6.26229508196721;-0.098360655737705;-5.86333333333333;-3.69833333333333;1
0.512813451427057;-2.76639344262295;-0.043169398907104;-4.91666666666667;0.366666666666667;1
0.625878666964157;-1.47457627118644;0.020005557099194;6.4;2.64047619047619;0
0.325824799425778;-3.22062146892655;-0.159322033898305;-5.27333333333333;-2.55533333333333;1
0.35862777360268;-3.57540983606557;-0.190163934426229;1;2.331;1
0.237221727163253;-5.57377049180328;-0.262295081967213;-0.0333333333333334;-0.26;1
0.860588358043228;12.9272020005557;0.437065851625452;5.42333333333333;2.83433333333333;1
0.199659041474555;-11.8341205890525;-0.386218393998333;-4.88904761904762;-0.951571428571428;0
0.174201833491383;-8.98360655737705;-0.327868852459016;-12.7542857142857;-4.38628571428571;0
0.417228899593253;-4.9344262295082;-0.098360655737705;4.15238095238095;2.5147619047619;0
0.311868445603018;-5.21021505376344;-0.248387096774194;2.98571428571429;3.53857142857143;1
0.378826540556293;-4.11451612903226;-0.146774193548387;-1.82857142857143;-0.367714285714285;1
0.443760931999043;-3.14754098360656;-0.081967213114754;-0.86952380952381;-1.93209523809524;0
0.631645901370874;-0.754098360655738;0.032786885245902;9.53428571428571;2.63771428571429;0
0.602830235801946;5.48387096774194;0.112903225806452;10.4266666666667;3.15;1
0.77872863449473;8.49754098360656;0.373497267759563;-1.14666666666667;1.332;1
0.767072085520807;6.28333333333333;0.25;7.53333333333333;0.920333333333333;1
0.523361136702663;0.081967213114754;0.049180327868852;-2.53333333333333;0.18;0
0.092263983528657;-15.1969857218403;-0.416446324695928;-3.00333333333333;-0.942333333333334;0
0.204514030001273;-7.69354838709677;-0.32258064516129;-0.892380952380952;-1.0547619047619;1
0.782277540906028;8.35;0.229032258064516;2.48666666666667;3.35466666666667;1
0.298745438872225;-7.20782654680063;-0.203067160232681;-12.0333333333333;-3.84333333333333;0
0.397653663409999;-2.16129032258064;-0.154680063458488;-5.76666666666667;-1.155;1
0.343159925219258;-3.5;-0.080645161290323;-12.6066666666667;-5.332;0
0.653158163334604;4.22144158209732;0.228207129846474;-5.42857142857143;-1.9;0
0.488506313478482;-2.87301587301587;-0.031746031746032;1.24952380952381;-0.440857142857142;0
0.416158887916341;-6.0655737704918;-0.088048651507139;-2.76190476190476;1.0147619047619;0
0.166084329015624;-12.9032258064516;-0.274193548387097;-12.3238095238095;-4.06857142857143;0
0.467120000492331;0.370967741935484;-0.016129032258065;-2.86666666666667;-2.51333333333333;1
0.363634042461121;1.09677419354839;-0.080645161290323;2.44952380952381;1.66152380952381;1
0.841318037395377;10.0941972417382;0.407494145199063;4.46;3.27;0
0.59807773641272;1.32786885245902;0.088472547488941;-2.56666666666667;0.485333333333333;1
0.589424946809281;2.06451612903226;0.048387096774194;6.28095238095238;3.32666666666667;1
0.681269219052289;7.47619047619048;0.222222222222222;3.98095238095238;0.117619047619048;1
0.461119322773129;0.363031233998976;-0.038146441372248;-0.167619047619048;0.0756428571428576;1
0.594010130662851;2.24850377309394;0.129326047358834;-5.83333333333333;2.182;0
0.715830159584223;5.178955453149;0.117767537122376;13.4933333333333;4.501;1
0.216464969462291;-7.29612282071298;-0.273224043715847;-6.15238095238095;-0.944761904761905;0
0.325448209369474;-5.19122023809524;-0.132688492063492;4.3;-1.9;1
0.798319511430482;7.72401433691756;0.36226318484383;-0.502857142857144;-1.53685714285714;1
0.649766541426373;-0.08531746031746;0.024305555555556;4.62142857142857;0.128571428571429;1
0.544959715018469;2.578125;0.0625;5.99619047619048;2.14304761904762;0
0.507506460876476;-1.04761904761905;0.015873015873016;0.766666666666667;2.64666666666667;1
0.612127366126871;3.16532258064516;0.061491935483871;-0.641904761904762;1.77914285714286;1
0.35183776232067;-3.30568356374808;-0.19994879672299;5.8;-0.485238095238095;1
0.378292751784777;-7.12326388888889;-0.196676587301587;-2.54285714285714;-0.678095238095238;0
0.842422760026412;11.2258064516129;0.393497183819764;5.99333333333333;-0.343333333333333;1
0.330556250997593;-2.94214029697901;-0.152585765488991;4.05714285714286;0.417142857142857;0
0.771501007019253;9.81349206349206;0.200396825396825;2.57;0.487285714285714;0
0.315571315331808;-4.4929435483871;-0.19304435483871;-0.8;-0.728571428571428;1
0.442709728039386;-1.84375;-0.03125;-0.0238095238095237;2.31095238095238;0
0.253316346453432;-8.41021825396826;-0.246775793650794;-1.58571428571429;0.28047619047619;1
0.607748159302149;3.91730670762929;0.070404505888377;11.6333333333333;1.19857142857143;1
0.593105146984769;2.015625;0.03125;10.1619047619048;3.47285714285714;0
0.554478714942875;6.09759615384615;0.068269230769231;-3.915;2.23428571428571;1
0.459677549410368;-4.734375;-0.046875;-5.775;-1.475;1
0.327190586649925;-7.50552884615385;-0.192548076923077;-7.70857142857143;-1.69428571428571;0
0.463271453439337;1.17906746031746;-0.039434523809524;-0.389285714285714;-1.77321428571429;1
0.154976921001831;-11.671875;-0.399801587301587;2.53333333333333;-0.464166666666667;1
0.78727427552684;7.03174603174603;0.253968253968254;7.46190476190476;0.449904761904762;1
0.346525042219417;-3.14975961538462;-0.177644230769231;2.01;1.00516666666667;1
0.228289346298036;-5.58556547619048;-0.228422619047619;-3.76428571428571;-1.88428571428571;0
0.40870958393589;-4.32307692307692;-0.076923076923077;-1.19285714285714;0.628214285714285;1
0.735262939491352;9.07884615384615;0.240625;6.29444444444444;4.13833333333333;1
0.652063612980008;2.86153846153846;0.092307692307692;-0.0726190476190476;0.692976190476191;1
0.492443511867736;4.24615384615385;0.061538461538462;4.825;1.41611111111111;0
0.208800868261707;-10.3997113997114;-0.303030303030303;2.425;-0.0274999999999999;0
0.523841273786077;-3.30769230769231;-0.107692307692308;2.925;0.4925;1
0.49497793662792;0.65625;0.0625;-5.56984126984127;-2.19313492063492;1
0.404740515952926;-3.50817307692308;-0.01875;1.63214285714286;1.75616666666667;1
0.669353210154114;3.70216346153846;0.114423076923077;6.20833333333333;1.01916666666667;0
0.490533097668194;1.33846153846154;0;-2.34325396825397;-1.24396825396825;0
0.307621214412219;-4.64186507936508;-0.180555555555556;4.35873015873016;-0.582539682539682;0
0.368716039316141;-2.76923076923077;-0.076923076923077;-9.24880952380952;-4.76821428571429;0
0.648432574065773;3.24498834498834;0.144289044289044;3.49642857142857;1.56940476190476;1
0.327332171619016;-5.30492424242424;-0.222064393939394;-1.89761904761905;0.538095238095238;1
0.424298838993648;-1.62004662004662;0.022843822843823;-3.61944444444445;1.58583333333333;1
0.50679885057291;2.61363636363636;0.009943181818182;7.81666666666667;2.29027777777778;1
0.36699947035263;-2.89204545454545;-0.104166666666667;-3.74166666666667;0.774166666666666;0
0.416007762516967;-0.461538461538462;-0.046153846153846;-0.374285714285715;0.769301587301588;0
0.42996409392118;2.34848484848485;-0.03030303030303;7.19563492063492;1.72709523809524;0
0.552524280937987;4.86923076923077;0.144988344988345;-3.86031746031746;-0.389841269841269;1
0.497192468641002;-0.39044289044289;0.053146853146853;-7.83222222222222;0.125388888888889;1
0.30429762149306;-2.63076923076923;-0.215384615384615;3.78;1.038;1
0.732363900566986;8.60885780885781;0.224009324009324;5.22380952380952;2.66225396825397;1
0.515502818439303;1.04545454545455;0.015151515151515;1.72412698412698;-1.74798412698413;1
0.743952618816209;6.39393939393939;0.166666666666667;9.75;6.72419047619048;1
0.539736727837551;3.02487562189055;0.020578923563998;-4.55111111111111;-0.937333333333334;1
0.632696829366441;3.94102564102564;0.161538461538462;-1.50444444444444;-0.0384444444444447;1
0.170072746496898;-8.42890442890443;-0.375990675990676;-6.85;-3.03527777777778;0
0.306880944964458;-2.47987336047038;-0.127091813658978;-3.41722222222222;-2.47361111111111;1
0.441386745737624;-1.30466200466201;-0.052214452214452;-4.73333333333333;1.08888888888889;1
0.883051475746541;17.0606060606061;0.424242424242424;7.28666666666667;3.414;1
0.620038548659576;-1.71641791044776;0.074626865671642;-2.92;-0.7655;1
0.700040804847856;3.95454545454546;0.196969696969697;-2.12181818181818;-0.721272727272727;0
0.623147193586738;2.20691994572592;0.202623247399367;-3.39642857142857;-0.0958333333333332;1
0.362330918021545;-4.47761194029851;-0.134328358208955;-4.72722222222222;-3.17061111111111;0
0.618849781649939;3.43283582089552;0.074626865671642;2.5;1.20466666666667;1
0.449315436907274;-2.01492537313433;-0.074626865671642;-0.0166666666666666;-0.727555555555556;0
0.855500099018976;13.7611940298507;0.388059701492537;14.2472222222222;4.69222222222222;1
0.794209902414555;10.3939393939394;0.348484848484848;3.79904761904762;2.56574603174603;0
0.456604005311996;-1.80597014925373;-0.059701492537313;2.04888888888889;2.26844444444444;0
0.601073758236721;2.50067842605156;0.112166440524649;1.77454545454545;1.35509090909091;0
0.505350304713635;0.221479500891266;0.034313725490196;-3.51333333333333;-1.73311111111111;1
0.465243539453171;3.38805970149254;0.014925373134329;-2.24888888888889;-1.99111111111111;0
0.502597877336153;-1.30201931518876;-0.006584723441615;0.542222222222222;-1.70822222222222;0
0.660330483111354;5.26336898395722;0.21524064171123;1.27277777777778;-2.12155555555556;0
0.438204278798144;-2.68810359964881;-0.11062335381914;5.34888888888889;3.79542857142857;1
0.903642940614394;17.17405618964;0.438103599648815;-0.748888888888889;1.09755555555556;1
0.371937974569166;-4.44776119402985;-0.074626865671642;-8.77777777777778;-0.873333333333333;1
0.685364690336282;3.59064969271291;0.141352063213345;6.0520202020202;2.37752525252525;1
0.139173546412141;-10.6641791044776;-0.438323090430202;-3.59444444444444;0.393222222222222;0
0.463860480299481;-3.92647058823529;-0.088235294117647;0.52;0.0659999999999998;0
0.57632134951244;0.794995610184372;0.067383669885865;-2.15277777777778;-1.39277777777778;1
0.263452561852369;-10.1911764705882;-0.294117647058824;-5.79722222222222;-1.6175;1
0.51243882682673;1.65174765558397;-0.024296675191816;0;0.370666666666666;0
0.246174098926353;-7.85974539069359;-0.198419666374012;-8.42707070707071;-3.81755050505051;0
0.694661822052488;3.76470588235294;0.176470588235294;7.48412698412698;4.20238095238095;1
0.533180110207146;1.41352063213345;0.096356453028973;-0.846666666666667;0.553777777777778;0
0.233656848750446;-1.73529411764706;-0.191176470588235;0.175757575757576;-0.194545454545455;1
0.394714715464905;-1.94440839281852;-0.09193164611724;0.742222222222222;4.19555555555556;1
0.319701764956702;-5.60869565217391;-0.159420289855072;-6.83555555555556;-2.09111111111111;1
0.28305338110682;-7.07246376811594;-0.210902011680727;-0.819047619047619;1.26539682539683;1
0.372853555819196;-6.54454390451833;-0.195865302642796;-0.0920634920634917;1.78825396825397;0
0.798963835105183;10.6029411764706;0.294117647058823;2.25555555555555;0.856343434343434;1
0.246122906003596;-5.91176470588235;-0.235294117647059;0.391111111111111;1.86555555555556;0
0.247104707460014;-7.8307757885763;-0.27003410059676;-5.18611111111111;-1.74039682539683;1
0.671630635334664;4.36231884057971;0.159420289855073;0.44;-1.518;1
0.578738379069726;2.8384484228474;0.036871270247229;2.77777777777778;0.853777777777778;0
0.467255439319436;-2.28516624040921;-0.005967604433077;-0.427777777777778;-1.6375;1
0.530264332683503;4.13917306052856;0.065004262574595;-6.71388888888889;-1.42166666666667;1
0.824968420123299;11.0255754475703;0.373401534526854;3.57738095238095;2.60511111111111;1
0.152881885733119;-11.4213554987212;-0.371909633418585;-7.49277777777778;-3.64655555555556;0
0.381584957813923;1.46376811594203;-0.101449275362319;3.69777777777778;0.279333333333334;1
0.379777735713164;-4.89937888198758;-0.10703933747412;2.36055555555556;-0.257;1
0.425342121252423;-1.34057971014493;-0.019668737060041;-0.4;-0.744;1
0.485387457215556;0.284265010351967;0.019875776397516;6.06934343434343;3.13273232323232;1
0.646992876959876;6.56625258799172;0.207453416149068;1.97460317460317;-1.36730158730159;1
0.250185553668597;-10.4057971014493;-0.217391304347826;2.11666666666667;0.934444444444444;0
0.744044221097041;6.33291925465839;0.194409937888199;5.40204184704185;4.51527056277056;1
0.583552167588801;5.17142857142857;0.114285714285714;2.84888888888889;0.264888888888889;1
0.224543078198749;-7.64389233954451;-0.297308488612836;-1.55555555555556;-0.784444444444444;1
0.753703161959016;6.02857142857143;0.171428571428571;5.74444444444444;0.551555555555555;1
0.397261353709804;-3.4;-0.157142857142857;2.71111111111111;-9.98;1
0.163600225734525;-13.4291925465839;-0.365217391304348;-3.64730158730159;-2.66028571428571;0
0.232753823520381;-8.40579710144928;-0.36231884057971;-3.97801587301587;0.135984126984127;0
0.507375316068768;-1.81159420289855;-0.028985507246377;2.22;-0.706;0
0.18677864595228;-10.4269617706237;-0.305835010060362;-13.7755050505051;-4.70632828282828;0
0.427069023489176;-7.10905432595574;-0.076659959758551;-3.02888888888889;-1.43844444444444;0
0.623821727450739;3.30764587525151;0.119517102615694;3.36888888888889;2.03022222222222;1
0.492963870732628;-0.887323943661972;-0.014084507042254;-2.96222222222222;-1.40155555555556;1
0.703404201798879;5.8;0.2;3.40253968253968;3.1272380952381;1
0.631915659803151;3.08571428571429;0.071428571428572;1.00565656565657;-1.0399797979798;1
0.359366580610676;-3.74409937888199;-0.195238095238095;3.50063492063492;0.114;1
0.344709036023157;-3.62857142857143;-0.114285714285714;-3.38932178932179;-3.79044733044733;0
0.763034207428838;7.17444668008048;0.219919517102616;6.99333333333333;3.00338888888889;1
0.418101498013296;-2.57645875251509;-0.109859154929577;3.91222222222222;1.3215;1
0.509948352248107;-2.80281690140845;-0.098591549295775;3.46666666666667;-0.0400000000000001;0
0.37334062883872;-5.77420634920635;-0.168650793650794;-7.37242424242424;-4.2569898989899;1
0.706951450890329;7.04044265593561;0.208048289738431;2.19365079365079;0.677626984126984;1
0.694997048869897;1.75090543259557;0.076861167002012;5.43555555555556;4.67683333333333;1
0.290532477544617;-3.01187122736419;-0.206438631790744;3.03333333333333;-0.412777777777778;0
0.470142303071431;-1.47887323943662;0.028169014084507;-3.8584126984127;-0.629873015873016;0
0.37273479027459;-5.625;-0.111111111111111;3.06;0.396;1
0.843063182454066;9.40845070422535;0.394366197183099;-3.90888888888889;0.753232323232323;1
0.824273390433748;8.22222222222222;0.333333333333333;7.34555555555556;3.50905555555556;1
0.604804058757901;4.39456181533646;0.106025039123631;-1.92888888888889;0.248444444444445;0
0.692395929056842;9;0.267605633802817;-0.377777777777779;1.01805555555556;1
0.559382062541003;1.6056338028169;-0.014084507042254;2.36888888888889;-0.247555555555556;1
0.89065128918892;15.2253521126761;0.422535211267606;11.4866666666667;4.27672222222222;1
0.273118247113716;-6.93501006036217;-0.11830985915493;-6.24166666666667;-1.99583333333333;1
0.469717078018287;-0.504566210045662;-0.0220700152207;4.97328282828283;2.62201515151515;1
0.508523216543798;1.63732394366197;0.050860719874804;2.16585858585859;1.21647474747475;0
0.405029452073697;-6.30985915492958;-0.160602503912363;-3.35555555555556;-0.8025;0
0.875975908783461;11.4563771517997;0.399647887323944;6.54420634920635;2.33302380952381;1
0.575126036869127;-0.690140845070423;0.070422535211268;4.22444444444444;0.797555555555555;1
0.735622725048823;6.41666666666667;0.305555555555555;-0.627777777777778;2.36661111111111;0
0.645041189100924;6.4482496194825;0.143074581430746;9.93111111111111;2.42133333333333;1
0.595729630515192;5.87480438184664;0.11697965571205;-0.8;-0.0799999999999996;1
0.720605119755491;7.25112612612613;0.219594594594595;8.6179797979798;1.96349494949495;0
0.596511220459384;1.60920852359209;0.048135464231355;0.0133333333333336;0.227111111111111;0
0.59443915472213;1.89364535768645;0.157724505327245;3.64761904761905;2.91702380952381;1
0.605261918224994;4.13888888888889;0.125;-0.822222222222222;1.00666666666667;1
0.571386807000728;2.88888888888889;0.069444444444445;0.205000000000001;0.964611111111111;0
0.796927127738074;10.8888888888889;0.25;4.58690476190476;0.877857142857143;1
0.238086254942149;-6.02777777777778;-0.180555555555556;-9.73131313131313;-2.83858585858586;0
0.361564643157239;-2.53424657534247;-0.095890410958904;0.627222222222222;-0.212111111111111;1
0.734410849668488;9.95890410958904;0.232876712328767;0.52;-0.944222222222222;1
0.646403700648578;4.19444444444444;0.125;4.43936507936508;-0.539722222222222;1
0.387609154063359;-3.22222222222222;-0.138888888888889;-10.3583333333333;-2.90194444444444;0
0.343203923346434;-4.27397260273973;-0.164383561643836;-4.71;-2.2565;1
0.599947900168936;5.49315068493151;0.178082191780822;-9.8;-1.05555555555556;1
0.386470004599037;0.643835616438356;-0.054794520547945;7.55777777777778;1.58311111111111;0
0.571998406964023;0.05365296803653;0.117960426179604;7;1.71333333333333;0
0.686776775295455;4.45427619400222;0.209552017771196;5.28722222222222;3.26238888888889;1
0.364449790759433;-2;-0.150684931506849;-1.3;-1.59;0
0.367348772297459;-1.9959274342836;-0.019992595335061;-8.29;-0.685;0
0.322645392435389;-4.65753424657534;-0.10958904109589;0.375;0.219722222222222;0
0.505357498248251;-1.3013698630137;0;-0.486868686868686;0.952525252525252;1
0.154890374227669;-9.79452054794521;-0.328767123287671;-5.535;-2.78727777777778;0
0.255045743391418;-6.91669751943725;-0.21047760088856;-7.84722222222222;-1.5425;0
0.42752486274011;-3.85135135135135;-0.135135135135135;2.60222222222222;-1.91288888888889;0
0.619606847489235;2.28378378378378;0.135135135135135;9.89372294372294;2.11498917748918;0
0.267474374724532;-4.12162162162162;-0.108108108108108;-5.48888888888889;-2.40527777777778;0
0.682401994989805;3.5;0.162162162162162;-2.8;-0.412;0
0.53531781510888;1.39189189189189;0.040540540540541;-0.435;0.265;1
0.518440998321384;0.396890040725657;-0.005738615327656;11.8634920634921;4.08971428571429;1
